round_number,league_name,name,starting_at,home_team_name,away_team_name,home_team_goals,away_team_goals,season
1,Premier League,Manchester United vs Leicester City,10/08/2018,Manchester United,Leicester City,2,1,2019
1,Premier League,AFC Bournemouth vs Cardiff City,11/08/2018,AFC Bournemouth,Cardiff City,2,0,2019
1,Premier League,Fulham vs Crystal Palace,11/08/2018,Fulham,Crystal Palace,0,2,2019
1,Premier League,Huddersfield Town vs Chelsea,11/08/2018,Huddersfield Town,Chelsea,0,3,2019
1,Premier League,Newcastle United vs Tottenham Hotspur,11/08/2018,Newcastle United,Tottenham Hotspur,1,2,2019
1,Premier League,Watford vs Brighton & Hove Albion,11/08/2018,Watford,Brighton & Hove Albion,2,0,2019
1,Premier League,Wolverhampton Wanderers vs Everton,11/08/2018,Wolverhampton Wanderers,Everton,2,2,2019
1,Premier League,Arsenal vs Manchester City,12/08/2018,Arsenal,Manchester City,0,2,2019
1,Premier League,Liverpool vs West Ham United,12/08/2018,Liverpool,West Ham United,4,0,2019
1,Premier League,Southampton vs Burnley,12/08/2018,Southampton,Burnley,0,0,2019
2,Premier League,Cardiff City vs Newcastle United,18/08/2018,Cardiff City,Newcastle United,0,0,2019
2,Premier League,Chelsea vs Arsenal,18/08/2018,Chelsea,Arsenal,3,2,2019
2,Premier League,Everton vs Southampton,18/08/2018,Everton,Southampton,2,1,2019
2,Premier League,Leicester City vs Wolverhampton Wanderers,18/08/2018,Leicester City,Wolverhampton Wanderers,2,0,2019
2,Premier League,Tottenham Hotspur vs Fulham,18/08/2018,Tottenham Hotspur,Fulham,3,1,2019
2,Premier League,West Ham United vs AFC Bournemouth,18/08/2018,West Ham United,AFC Bournemouth,1,2,2019
2,Premier League,Brighton & Hove Albion vs Manchester United,19/08/2018,Brighton & Hove Albion,Manchester United,3,2,2019
2,Premier League,Burnley vs Watford,19/08/2018,Burnley,Watford,1,3,2019
2,Premier League,Manchester City vs Huddersfield Town,19/08/2018,Manchester City,Huddersfield Town,6,1,2019
2,Premier League,Crystal Palace vs Liverpool,20/08/2018,Crystal Palace,Liverpool,0,2,2019
3,Premier League,Arsenal vs West Ham United,25/08/2018,Arsenal,West Ham United,3,1,2019
3,Premier League,AFC Bournemouth vs Everton,25/08/2018,AFC Bournemouth,Everton,2,2,2019
3,Premier League,Huddersfield Town vs Cardiff City,25/08/2018,Huddersfield Town,Cardiff City,0,0,2019
3,Premier League,Liverpool vs Brighton & Hove Albion,25/08/2018,Liverpool,Brighton & Hove Albion,1,0,2019
3,Premier League,Southampton vs Leicester City,25/08/2018,Southampton,Leicester City,1,2,2019
3,Premier League,Wolverhampton Wanderers vs Manchester City,25/08/2018,Wolverhampton Wanderers,Manchester City,1,1,2019
3,Premier League,Fulham vs Burnley,26/08/2018,Fulham,Burnley,4,2,2019
3,Premier League,Newcastle United vs Chelsea,26/08/2018,Newcastle United,Chelsea,1,2,2019
3,Premier League,Watford vs Crystal Palace,26/08/2018,Watford,Crystal Palace,2,1,2019
3,Premier League,Manchester United vs Tottenham Hotspur,27/08/2018,Manchester United,Tottenham Hotspur,0,3,2019
4,Premier League,Brighton & Hove Albion vs Fulham,01/09/2018,Brighton & Hove Albion,Fulham,2,2,2019
4,Premier League,Chelsea vs AFC Bournemouth,01/09/2018,Chelsea,AFC Bournemouth,2,0,2019
4,Premier League,Crystal Palace vs Southampton,01/09/2018,Crystal Palace,Southampton,0,2,2019
4,Premier League,Everton vs Huddersfield Town,01/09/2018,Everton,Huddersfield Town,1,1,2019
4,Premier League,Leicester City vs Liverpool,01/09/2018,Leicester City,Liverpool,1,2,2019
4,Premier League,Manchester City vs Newcastle United,01/09/2018,Manchester City,Newcastle United,2,1,2019
4,Premier League,West Ham United vs Wolverhampton Wanderers,01/09/2018,West Ham United,Wolverhampton Wanderers,0,1,2019
4,Premier League,Burnley vs Manchester United,02/09/2018,Burnley,Manchester United,0,2,2019
4,Premier League,Cardiff City vs Arsenal,02/09/2018,Cardiff City,Arsenal,2,3,2019
4,Premier League,Watford vs Tottenham Hotspur,02/09/2018,Watford,Tottenham Hotspur,2,1,2019
5,Premier League,AFC Bournemouth vs Leicester City,15/09/2018,AFC Bournemouth,Leicester City,4,2,2019
5,Premier League,Chelsea vs Cardiff City,15/09/2018,Chelsea,Cardiff City,4,1,2019
5,Premier League,Huddersfield Town vs Crystal Palace,15/09/2018,Huddersfield Town,Crystal Palace,0,1,2019
5,Premier League,Manchester City vs Fulham,15/09/2018,Manchester City,Fulham,3,0,2019
5,Premier League,Newcastle United vs Arsenal,15/09/2018,Newcastle United,Arsenal,1,2,2019
5,Premier League,Tottenham Hotspur vs Liverpool,15/09/2018,Tottenham Hotspur,Liverpool,1,2,2019
5,Premier League,Watford vs Manchester United,15/09/2018,Watford,Manchester United,1,2,2019
5,Premier League,Everton vs West Ham United,16/09/2018,Everton,West Ham United,1,3,2019
5,Premier League,Wolverhampton Wanderers vs Burnley,16/09/2018,Wolverhampton Wanderers,Burnley,1,0,2019
5,Premier League,Southampton vs Brighton & Hove Albion,17/09/2018,Southampton,Brighton & Hove Albion,2,2,2019
6,Premier League,Brighton & Hove Albion vs Tottenham Hotspur,22/09/2018,Brighton & Hove Albion,Tottenham Hotspur,1,2,2019
6,Premier League,Burnley vs AFC Bournemouth,22/09/2018,Burnley,AFC Bournemouth,4,0,2019
6,Premier League,Cardiff City vs Manchester City,22/09/2018,Cardiff City,Manchester City,0,5,2019
6,Premier League,Crystal Palace vs Newcastle United,22/09/2018,Crystal Palace,Newcastle United,0,0,2019
6,Premier League,Fulham vs Watford,22/09/2018,Fulham,Watford,1,1,2019
6,Premier League,Leicester City vs Huddersfield Town,22/09/2018,Leicester City,Huddersfield Town,3,1,2019
6,Premier League,Liverpool vs Southampton,22/09/2018,Liverpool,Southampton,3,0,2019
6,Premier League,Manchester United vs Wolverhampton Wanderers,22/09/2018,Manchester United,Wolverhampton Wanderers,1,1,2019
6,Premier League,Arsenal vs Everton,23/09/2018,Arsenal,Everton,2,0,2019
6,Premier League,West Ham United vs Chelsea,23/09/2018,West Ham United,Chelsea,0,0,2019
7,Premier League,Arsenal vs Watford,29/09/2018,Arsenal,Watford,2,0,2019
7,Premier League,Chelsea vs Liverpool,29/09/2018,Chelsea,Liverpool,1,1,2019
7,Premier League,Everton vs Fulham,29/09/2018,Everton,Fulham,3,0,2019
7,Premier League,Huddersfield Town vs Tottenham Hotspur,29/09/2018,Huddersfield Town,Tottenham Hotspur,0,2,2019
7,Premier League,Manchester City vs Brighton & Hove Albion,29/09/2018,Manchester City,Brighton & Hove Albion,2,0,2019
7,Premier League,Newcastle United vs Leicester City,29/09/2018,Newcastle United,Leicester City,0,2,2019
7,Premier League,West Ham United vs Manchester United,29/09/2018,West Ham United,Manchester United,3,1,2019
7,Premier League,Wolverhampton Wanderers vs Southampton,29/09/2018,Wolverhampton Wanderers,Southampton,2,0,2019
7,Premier League,Cardiff City vs Burnley,30/09/2018,Cardiff City,Burnley,1,2,2019
7,Premier League,AFC Bournemouth vs Crystal Palace,01/10/2018,AFC Bournemouth,Crystal Palace,2,1,2019
8,Premier League,Brighton & Hove Albion vs West Ham United,05/10/2018,Brighton & Hove Albion,West Ham United,1,0,2019
8,Premier League,Burnley vs Huddersfield Town,06/10/2018,Burnley,Huddersfield Town,1,1,2019
8,Premier League,Crystal Palace vs Wolverhampton Wanderers,06/10/2018,Crystal Palace,Wolverhampton Wanderers,0,1,2019
8,Premier League,Leicester City vs Everton,06/10/2018,Leicester City,Everton,1,2,2019
8,Premier League,Manchester United vs Newcastle United,06/10/2018,Manchester United,Newcastle United,3,2,2019
8,Premier League,Tottenham Hotspur vs Cardiff City,06/10/2018,Tottenham Hotspur,Cardiff City,1,0,2019
8,Premier League,Watford vs AFC Bournemouth,06/10/2018,Watford,AFC Bournemouth,0,4,2019
8,Premier League,Fulham vs Arsenal,07/10/2018,Fulham,Arsenal,1,5,2019
8,Premier League,Liverpool vs Manchester City,07/10/2018,Liverpool,Manchester City,0,0,2019
8,Premier League,Southampton vs Chelsea,07/10/2018,Southampton,Chelsea,0,3,2019
9,Premier League,AFC Bournemouth vs Southampton,20/10/2018,AFC Bournemouth,Southampton,0,0,2019
9,Premier League,Cardiff City vs Fulham,20/10/2018,Cardiff City,Fulham,4,2,2019
9,Premier League,Chelsea vs Manchester United,20/10/2018,Chelsea,Manchester United,2,2,2019
9,Premier League,Huddersfield Town vs Liverpool,20/10/2018,Huddersfield Town,Liverpool,0,1,2019
9,Premier League,Manchester City vs Burnley,20/10/2018,Manchester City,Burnley,5,0,2019
9,Premier League,Newcastle United vs Brighton & Hove Albion,20/10/2018,Newcastle United,Brighton & Hove Albion,0,1,2019
9,Premier League,West Ham United vs Tottenham Hotspur,20/10/2018,West Ham United,Tottenham Hotspur,0,1,2019
9,Premier League,Wolverhampton Wanderers vs Watford,20/10/2018,Wolverhampton Wanderers,Watford,0,2,2019
9,Premier League,Everton vs Crystal Palace,21/10/2018,Everton,Crystal Palace,2,0,2019
9,Premier League,Arsenal vs Leicester City,22/10/2018,Arsenal,Leicester City,3,1,2019
10,Premier League,Brighton & Hove Albion vs Wolverhampton Wanderers,27/10/2018,Brighton & Hove Albion,Wolverhampton Wanderers,1,0,2019
10,Premier League,Fulham vs AFC Bournemouth,27/10/2018,Fulham,AFC Bournemouth,0,3,2019
10,Premier League,Leicester City vs West Ham United,27/10/2018,Leicester City,West Ham United,1,1,2019
10,Premier League,Liverpool vs Cardiff City,27/10/2018,Liverpool,Cardiff City,4,1,2019
10,Premier League,Southampton vs Newcastle United,27/10/2018,Southampton,Newcastle United,0,0,2019
10,Premier League,Watford vs Huddersfield Town,27/10/2018,Watford,Huddersfield Town,3,0,2019
10,Premier League,Burnley vs Chelsea,28/10/2018,Burnley,Chelsea,0,4,2019
10,Premier League,Crystal Palace vs Arsenal,28/10/2018,Crystal Palace,Arsenal,2,2,2019
10,Premier League,Manchester United vs Everton,28/10/2018,Manchester United,Everton,2,1,2019
10,Premier League,Tottenham Hotspur vs Manchester City,29/10/2018,Tottenham Hotspur,Manchester City,0,1,2019
11,Premier League,Arsenal vs Liverpool,03/11/2018,Arsenal,Liverpool,1,1,2019
11,Premier League,AFC Bournemouth vs Manchester United,03/11/2018,AFC Bournemouth,Manchester United,1,2,2019
11,Premier League,Cardiff City vs Leicester City,03/11/2018,Cardiff City,Leicester City,0,1,2019
11,Premier League,Everton vs Brighton & Hove Albion,03/11/2018,Everton,Brighton & Hove Albion,3,1,2019
11,Premier League,Newcastle United vs Watford,03/11/2018,Newcastle United,Watford,1,0,2019
11,Premier League,West Ham United vs Burnley,03/11/2018,West Ham United,Burnley,4,2,2019
11,Premier League,Wolverhampton Wanderers vs Tottenham Hotspur,03/11/2018,Wolverhampton Wanderers,Tottenham Hotspur,2,3,2019
11,Premier League,Chelsea vs Crystal Palace,04/11/2018,Chelsea,Crystal Palace,3,1,2019
11,Premier League,Manchester City vs Southampton,04/11/2018,Manchester City,Southampton,6,1,2019
11,Premier League,Huddersfield Town vs Fulham,05/11/2018,Huddersfield Town,Fulham,1,0,2019
12,Premier League,Cardiff City vs Brighton & Hove Albion,10/11/2018,Cardiff City,Brighton & Hove Albion,2,1,2019
12,Premier League,Crystal Palace vs Tottenham Hotspur,10/11/2018,Crystal Palace,Tottenham Hotspur,0,1,2019
12,Premier League,Huddersfield Town vs West Ham United,10/11/2018,Huddersfield Town,West Ham United,1,1,2019
12,Premier League,Leicester City vs Burnley,10/11/2018,Leicester City,Burnley,0,0,2019
12,Premier League,Newcastle United vs AFC Bournemouth,10/11/2018,Newcastle United,AFC Bournemouth,2,1,2019
12,Premier League,Southampton vs Watford,10/11/2018,Southampton,Watford,1,1,2019
12,Premier League,Arsenal vs Wolverhampton Wanderers,11/11/2018,Arsenal,Wolverhampton Wanderers,1,1,2019
12,Premier League,Chelsea vs Everton,11/11/2018,Chelsea,Everton,0,0,2019
12,Premier League,Liverpool vs Fulham,11/11/2018,Liverpool,Fulham,2,0,2019
12,Premier League,Manchester City vs Manchester United,11/11/2018,Manchester City,Manchester United,3,1,2019
13,Premier League,Brighton & Hove Albion vs Leicester City,24/11/2018,Brighton & Hove Albion,Leicester City,1,1,2019
13,Premier League,Everton vs Cardiff City,24/11/2018,Everton,Cardiff City,1,0,2019
13,Premier League,Fulham vs Southampton,24/11/2018,Fulham,Southampton,3,2,2019
13,Premier League,Manchester United vs Crystal Palace,24/11/2018,Manchester United,Crystal Palace,0,0,2019
13,Premier League,Tottenham Hotspur vs Chelsea,24/11/2018,Tottenham Hotspur,Chelsea,3,1,2019
13,Premier League,Watford vs Liverpool,24/11/2018,Watford,Liverpool,0,3,2019
13,Premier League,West Ham United vs Manchester City,24/11/2018,West Ham United,Manchester City,0,4,2019
13,Premier League,AFC Bournemouth vs Arsenal,25/11/2018,AFC Bournemouth,Arsenal,1,2,2019
13,Premier League,Wolverhampton Wanderers vs Huddersfield Town,25/11/2018,Wolverhampton Wanderers,Huddersfield Town,0,2,2019
13,Premier League,Burnley vs Newcastle United,26/11/2018,Burnley,Newcastle United,1,2,2019
14,Premier League,Cardiff City vs Wolverhampton Wanderers,30/11/2018,Cardiff City,Wolverhampton Wanderers,2,1,2019
14,Premier League,Crystal Palace vs Burnley,01/12/2018,Crystal Palace,Burnley,2,0,2019
14,Premier League,Huddersfield Town vs Brighton & Hove Albion,01/12/2018,Huddersfield Town,Brighton & Hove Albion,1,2,2019
14,Premier League,Leicester City vs Watford,01/12/2018,Leicester City,Watford,2,0,2019
14,Premier League,Manchester City vs AFC Bournemouth,01/12/2018,Manchester City,AFC Bournemouth,3,1,2019
14,Premier League,Newcastle United vs West Ham United,01/12/2018,Newcastle United,West Ham United,0,3,2019
14,Premier League,Southampton vs Manchester United,01/12/2018,Southampton,Manchester United,2,2,2019
14,Premier League,Arsenal vs Tottenham Hotspur,02/12/2018,Arsenal,Tottenham Hotspur,4,2,2019
14,Premier League,Chelsea vs Fulham,02/12/2018,Chelsea,Fulham,2,0,2019
14,Premier League,Liverpool vs Everton,02/12/2018,Liverpool,Everton,1,0,2019
15,Premier League,AFC Bournemouth vs Huddersfield Town,04/12/2018,AFC Bournemouth,Huddersfield Town,2,1,2019
15,Premier League,Brighton & Hove Albion vs Crystal Palace,04/12/2018,Brighton & Hove Albion,Crystal Palace,3,1,2019
15,Premier League,Watford vs Manchester City,04/12/2018,Watford,Manchester City,1,2,2019
15,Premier League,West Ham United vs Cardiff City,04/12/2018,West Ham United,Cardiff City,3,1,2019
15,Premier League,Burnley vs Liverpool,05/12/2018,Burnley,Liverpool,1,3,2019
15,Premier League,Everton vs Newcastle United,05/12/2018,Everton,Newcastle United,1,1,2019
15,Premier League,Fulham vs Leicester City,05/12/2018,Fulham,Leicester City,1,1,2019
15,Premier League,Manchester United vs Arsenal,05/12/2018,Manchester United,Arsenal,2,2,2019
15,Premier League,Tottenham Hotspur vs Southampton,05/12/2018,Tottenham Hotspur,Southampton,3,1,2019
15,Premier League,Wolverhampton Wanderers vs Chelsea,05/12/2018,Wolverhampton Wanderers,Chelsea,2,1,2019
16,Premier League,Arsenal vs Huddersfield Town,08/12/2018,Arsenal,Huddersfield Town,1,0,2019
16,Premier League,AFC Bournemouth vs Liverpool,08/12/2018,AFC Bournemouth,Liverpool,0,4,2019
16,Premier League,Burnley vs Brighton & Hove Albion,08/12/2018,Burnley,Brighton & Hove Albion,1,0,2019
16,Premier League,Cardiff City vs Southampton,08/12/2018,Cardiff City,Southampton,1,0,2019
16,Premier League,Chelsea vs Manchester City,08/12/2018,Chelsea,Manchester City,2,0,2019
16,Premier League,Leicester City vs Tottenham Hotspur,08/12/2018,Leicester City,Tottenham Hotspur,0,2,2019
16,Premier League,Manchester United vs Fulham,08/12/2018,Manchester United,Fulham,4,1,2019
16,Premier League,West Ham United vs Crystal Palace,08/12/2018,West Ham United,Crystal Palace,3,2,2019
16,Premier League,Newcastle United vs Wolverhampton Wanderers,09/12/2018,Newcastle United,Wolverhampton Wanderers,1,2,2019
16,Premier League,Everton vs Watford,10/12/2018,Everton,Watford,2,2,2019
17,Premier League,Crystal Palace vs Leicester City,15/12/2018,Crystal Palace,Leicester City,1,0,2019
17,Premier League,Fulham vs West Ham United,15/12/2018,Fulham,West Ham United,0,2,2019
17,Premier League,Huddersfield Town vs Newcastle United,15/12/2018,Huddersfield Town,Newcastle United,0,1,2019
17,Premier League,Manchester City vs Everton,15/12/2018,Manchester City,Everton,3,1,2019
17,Premier League,Tottenham Hotspur vs Burnley,15/12/2018,Tottenham Hotspur,Burnley,1,0,2019
17,Premier League,Watford vs Cardiff City,15/12/2018,Watford,Cardiff City,3,2,2019
17,Premier League,Wolverhampton Wanderers vs AFC Bournemouth,15/12/2018,Wolverhampton Wanderers,AFC Bournemouth,2,0,2019
17,Premier League,Brighton & Hove Albion vs Chelsea,16/12/2018,Brighton & Hove Albion,Chelsea,1,2,2019
17,Premier League,Liverpool vs Manchester United,16/12/2018,Liverpool,Manchester United,3,1,2019
17,Premier League,Southampton vs Arsenal,16/12/2018,Southampton,Arsenal,3,2,2019
18,Premier League,Wolverhampton Wanderers vs Liverpool,21/12/2018,Wolverhampton Wanderers,Liverpool,0,2,2019
18,Premier League,Arsenal vs Burnley,22/12/2018,Arsenal,Burnley,3,1,2019
18,Premier League,AFC Bournemouth vs Brighton & Hove Albion,22/12/2018,AFC Bournemouth,Brighton & Hove Albion,2,0,2019
18,Premier League,Cardiff City vs Manchester United,22/12/2018,Cardiff City,Manchester United,1,5,2019
18,Premier League,Chelsea vs Leicester City,22/12/2018,Chelsea,Leicester City,0,1,2019
18,Premier League,Huddersfield Town vs Southampton,22/12/2018,Huddersfield Town,Southampton,1,3,2019
18,Premier League,Manchester City vs Crystal Palace,22/12/2018,Manchester City,Crystal Palace,2,3,2019
18,Premier League,Newcastle United vs Fulham,22/12/2018,Newcastle United,Fulham,0,0,2019
18,Premier League,West Ham United vs Watford,22/12/2018,West Ham United,Watford,0,2,2019
18,Premier League,Everton vs Tottenham Hotspur,23/12/2018,Everton,Tottenham Hotspur,2,6,2019
19,Premier League,Brighton & Hove Albion vs Arsenal,26/12/2018,Brighton & Hove Albion,Arsenal,1,1,2019
19,Premier League,Burnley vs Everton,26/12/2018,Burnley,Everton,1,5,2019
19,Premier League,Crystal Palace vs Cardiff City,26/12/2018,Crystal Palace,Cardiff City,0,0,2019
19,Premier League,Fulham vs Wolverhampton Wanderers,26/12/2018,Fulham,Wolverhampton Wanderers,1,1,2019
19,Premier League,Leicester City vs Manchester City,26/12/2018,Leicester City,Manchester City,2,1,2019
19,Premier League,Liverpool vs Newcastle United,26/12/2018,Liverpool,Newcastle United,4,0,2019
19,Premier League,Manchester United vs Huddersfield Town,26/12/2018,Manchester United,Huddersfield Town,3,1,2019
19,Premier League,Tottenham Hotspur vs AFC Bournemouth,26/12/2018,Tottenham Hotspur,AFC Bournemouth,5,0,2019
19,Premier League,Watford vs Chelsea,26/12/2018,Watford,Chelsea,1,2,2019
19,Premier League,Southampton vs West Ham United,27/12/2018,Southampton,West Ham United,1,2,2019
20,Premier League,Brighton & Hove Albion vs Everton,29/12/2018,Brighton & Hove Albion,Everton,1,0,2019
20,Premier League,Fulham vs Huddersfield Town,29/12/2018,Fulham,Huddersfield Town,1,0,2019
20,Premier League,Leicester City vs Cardiff City,29/12/2018,Leicester City,Cardiff City,0,1,2019
20,Premier League,Liverpool vs Arsenal,29/12/2018,Liverpool,Arsenal,5,1,2019
20,Premier League,Tottenham Hotspur vs Wolverhampton Wanderers,29/12/2018,Tottenham Hotspur,Wolverhampton Wanderers,1,3,2019
20,Premier League,Watford vs Newcastle United,29/12/2018,Watford,Newcastle United,1,1,2019
20,Premier League,Burnley vs West Ham United,30/12/2018,Burnley,West Ham United,2,0,2019
20,Premier League,Crystal Palace vs Chelsea,30/12/2018,Crystal Palace,Chelsea,0,1,2019
20,Premier League,Manchester United vs AFC Bournemouth,30/12/2018,Manchester United,AFC Bournemouth,4,1,2019
20,Premier League,Southampton vs Manchester City,30/12/2018,Southampton,Manchester City,1,3,2019
21,Premier League,Arsenal vs Fulham,01/01/2019,Arsenal,Fulham,4,1,2019
21,Premier League,Cardiff City vs Tottenham Hotspur,01/01/2019,Cardiff City,Tottenham Hotspur,0,3,2019
21,Premier League,Everton vs Leicester City,01/01/2019,Everton,Leicester City,0,1,2019
21,Premier League,AFC Bournemouth vs Watford,02/01/2019,AFC Bournemouth,Watford,3,3,2019
21,Premier League,Chelsea vs Southampton,02/01/2019,Chelsea,Southampton,0,0,2019
21,Premier League,Huddersfield Town vs Burnley,02/01/2019,Huddersfield Town,Burnley,1,2,2019
21,Premier League,Newcastle United vs Manchester United,02/01/2019,Newcastle United,Manchester United,0,2,2019
21,Premier League,West Ham United vs Brighton & Hove Albion,02/01/2019,West Ham United,Brighton & Hove Albion,2,2,2019
21,Premier League,Wolverhampton Wanderers vs Crystal Palace,02/01/2019,Wolverhampton Wanderers,Crystal Palace,0,2,2019
21,Premier League,Manchester City vs Liverpool,03/01/2019,Manchester City,Liverpool,2,1,2019
22,Premier League,Brighton & Hove Albion vs Liverpool,12/01/2019,Brighton & Hove Albion,Liverpool,0,1,2019
22,Premier League,Burnley vs Fulham,12/01/2019,Burnley,Fulham,2,1,2019
22,Premier League,Cardiff City vs Huddersfield Town,12/01/2019,Cardiff City,Huddersfield Town,0,0,2019
22,Premier League,Chelsea vs Newcastle United,12/01/2019,Chelsea,Newcastle United,2,1,2019
22,Premier League,Crystal Palace vs Watford,12/01/2019,Crystal Palace,Watford,1,2,2019
22,Premier League,Leicester City vs Southampton,12/01/2019,Leicester City,Southampton,1,2,2019
22,Premier League,West Ham United vs Arsenal,12/01/2019,West Ham United,Arsenal,1,0,2019
22,Premier League,Everton vs AFC Bournemouth,13/01/2019,Everton,AFC Bournemouth,2,0,2019
22,Premier League,Tottenham Hotspur vs Manchester United,13/01/2019,Tottenham Hotspur,Manchester United,0,1,2019
22,Premier League,Manchester City vs Wolverhampton Wanderers,14/01/2019,Manchester City,Wolverhampton Wanderers,3,0,2019
23,Premier League,Arsenal vs Chelsea,19/01/2019,Arsenal,Chelsea,2,0,2019
23,Premier League,AFC Bournemouth vs West Ham United,19/01/2019,AFC Bournemouth,West Ham United,2,0,2019
23,Premier League,Liverpool vs Crystal Palace,19/01/2019,Liverpool,Crystal Palace,4,3,2019
23,Premier League,Manchester United vs Brighton & Hove Albion,19/01/2019,Manchester United,Brighton & Hove Albion,2,1,2019
23,Premier League,Newcastle United vs Cardiff City,19/01/2019,Newcastle United,Cardiff City,3,0,2019
23,Premier League,Southampton vs Everton,19/01/2019,Southampton,Everton,2,1,2019
23,Premier League,Watford vs Burnley,19/01/2019,Watford,Burnley,0,0,2019
23,Premier League,Wolverhampton Wanderers vs Leicester City,19/01/2019,Wolverhampton Wanderers,Leicester City,4,3,2019
23,Premier League,Fulham vs Tottenham Hotspur,20/01/2019,Fulham,Tottenham Hotspur,1,2,2019
23,Premier League,Huddersfield Town vs Manchester City,20/01/2019,Huddersfield Town,Manchester City,0,3,2019
24,Premier League,Arsenal vs Cardiff City,29/01/2019,Arsenal,Cardiff City,2,1,2019
24,Premier League,Fulham vs Brighton & Hove Albion,29/01/2019,Fulham,Brighton & Hove Albion,4,2,2019
24,Premier League,Huddersfield Town vs Everton,29/01/2019,Huddersfield Town,Everton,0,1,2019
24,Premier League,Manchester United vs Burnley,29/01/2019,Manchester United,Burnley,2,2,2019
24,Premier League,Newcastle United vs Manchester City,29/01/2019,Newcastle United,Manchester City,2,1,2019
24,Premier League,Wolverhampton Wanderers vs West Ham United,29/01/2019,Wolverhampton Wanderers,West Ham United,3,0,2019
24,Premier League,AFC Bournemouth vs Chelsea,30/01/2019,AFC Bournemouth,Chelsea,4,0,2019
24,Premier League,Liverpool vs Leicester City,30/01/2019,Liverpool,Leicester City,1,1,2019
24,Premier League,Southampton vs Crystal Palace,30/01/2019,Southampton,Crystal Palace,1,1,2019
24,Premier League,Tottenham Hotspur vs Watford,30/01/2019,Tottenham Hotspur,Watford,2,1,2019
25,Premier League,Brighton & Hove Albion vs Watford,02/02/2019,Brighton & Hove Albion,Watford,0,0,2019
25,Premier League,Burnley vs Southampton,02/02/2019,Burnley,Southampton,1,1,2019
25,Premier League,Cardiff City vs AFC Bournemouth,02/02/2019,Cardiff City,AFC Bournemouth,2,0,2019
25,Premier League,Chelsea vs Huddersfield Town,02/02/2019,Chelsea,Huddersfield Town,5,0,2019
25,Premier League,Crystal Palace vs Fulham,02/02/2019,Crystal Palace,Fulham,2,0,2019
25,Premier League,Everton vs Wolverhampton Wanderers,02/02/2019,Everton,Wolverhampton Wanderers,1,3,2019
25,Premier League,Tottenham Hotspur vs Newcastle United,02/02/2019,Tottenham Hotspur,Newcastle United,1,0,2019
25,Premier League,Leicester City vs Manchester United,03/02/2019,Leicester City,Manchester United,0,1,2019
25,Premier League,Manchester City vs Arsenal,03/02/2019,Manchester City,Arsenal,3,1,2019
25,Premier League,West Ham United vs Liverpool,04/02/2019,West Ham United,Liverpool,1,1,2019
26,Premier League,Everton vs Manchester City,06/02/2019,Everton,Manchester City,0,2,2019
26,Premier League,Brighton & Hove Albion vs Burnley,09/02/2019,Brighton & Hove Albion,Burnley,1,3,2019
26,Premier League,Crystal Palace vs West Ham United,09/02/2019,Crystal Palace,West Ham United,1,1,2019
26,Premier League,Fulham vs Manchester United,09/02/2019,Fulham,Manchester United,0,3,2019
26,Premier League,Huddersfield Town vs Arsenal,09/02/2019,Huddersfield Town,Arsenal,1,2,2019
26,Premier League,Liverpool vs AFC Bournemouth,09/02/2019,Liverpool,AFC Bournemouth,3,0,2019
26,Premier League,Southampton vs Cardiff City,09/02/2019,Southampton,Cardiff City,1,2,2019
26,Premier League,Watford vs Everton,09/02/2019,Watford,Everton,1,0,2019
26,Premier League,Manchester City vs Chelsea,10/02/2019,Manchester City,Chelsea,6,0,2019
26,Premier League,Tottenham Hotspur vs Leicester City,10/02/2019,Tottenham Hotspur,Leicester City,3,1,2019
27,Premier League,Wolverhampton Wanderers vs Newcastle United,11/02/2019,Wolverhampton Wanderers,Newcastle United,1,1,2019
27,Premier League,Cardiff City vs Watford,22/02/2019,Cardiff City,Watford,1,5,2019
27,Premier League,West Ham United vs Fulham,22/02/2019,West Ham United,Fulham,3,1,2019
27,Premier League,AFC Bournemouth vs Wolverhampton Wanderers,23/02/2019,AFC Bournemouth,Wolverhampton Wanderers,1,1,2019
27,Premier League,Burnley vs Tottenham Hotspur,23/02/2019,Burnley,Tottenham Hotspur,2,1,2019
27,Premier League,Leicester City vs Crystal Palace,23/02/2019,Leicester City,Crystal Palace,1,4,2019
27,Premier League,Newcastle United vs Huddersfield Town,23/02/2019,Newcastle United,Huddersfield Town,2,0,2019
27,Premier League,Arsenal vs Southampton,24/02/2019,Arsenal,Southampton,2,0,2019
27,Premier League,Manchester United vs Liverpool,24/02/2019,Manchester United,Liverpool,0,0,2019
27,Premier League,Cardiff City vs Everton,26/02/2019,Cardiff City,Everton,0,3,2019
28,Premier League,Huddersfield Town vs Wolverhampton Wanderers,26/02/2019,Huddersfield Town,Wolverhampton Wanderers,1,0,2019
28,Premier League,Leicester City vs Brighton & Hove Albion,26/02/2019,Leicester City,Brighton & Hove Albion,2,1,2019
28,Premier League,Newcastle United vs Burnley,26/02/2019,Newcastle United,Burnley,2,0,2019
28,Premier League,Arsenal vs AFC Bournemouth,27/02/2019,Arsenal,AFC Bournemouth,5,1,2019
28,Premier League,Chelsea vs Tottenham Hotspur,27/02/2019,Chelsea,Tottenham Hotspur,2,0,2019
28,Premier League,Crystal Palace vs Manchester United,27/02/2019,Crystal Palace,Manchester United,1,3,2019
28,Premier League,Liverpool vs Watford,27/02/2019,Liverpool,Watford,5,0,2019
28,Premier League,Manchester City vs West Ham United,27/02/2019,Manchester City,West Ham United,1,0,2019
28,Premier League,Southampton vs Fulham,27/02/2019,Southampton,Fulham,2,0,2019
28,Premier League,AFC Bournemouth vs Manchester City,02/03/2019,AFC Bournemouth,Manchester City,0,1,2019
29,Premier League,Brighton & Hove Albion vs Huddersfield Town,02/03/2019,Brighton & Hove Albion,Huddersfield Town,1,0,2019
29,Premier League,Burnley vs Crystal Palace,02/03/2019,Burnley,Crystal Palace,1,3,2019
29,Premier League,Manchester United vs Southampton,02/03/2019,Manchester United,Southampton,3,2,2019
29,Premier League,Tottenham Hotspur vs Arsenal,02/03/2019,Tottenham Hotspur,Arsenal,1,1,2019
29,Premier League,West Ham United vs Newcastle United,02/03/2019,West Ham United,Newcastle United,2,0,2019
29,Premier League,Wolverhampton Wanderers vs Cardiff City,02/03/2019,Wolverhampton Wanderers,Cardiff City,2,0,2019
29,Premier League,Everton vs Liverpool,03/03/2019,Everton,Liverpool,0,0,2019
29,Premier League,Fulham vs Chelsea,03/03/2019,Fulham,Chelsea,1,2,2019
29,Premier League,Watford vs Leicester City,03/03/2019,Watford,Leicester City,2,1,2019
29,Premier League,Cardiff City vs West Ham United,09/03/2019,Cardiff City,West Ham United,2,0,2019
30,Premier League,Crystal Palace vs Brighton & Hove Albion,09/03/2019,Crystal Palace,Brighton & Hove Albion,1,2,2019
30,Premier League,Huddersfield Town vs AFC Bournemouth,09/03/2019,Huddersfield Town,AFC Bournemouth,0,2,2019
30,Premier League,Leicester City vs Fulham,09/03/2019,Leicester City,Fulham,3,1,2019
30,Premier League,Manchester City vs Watford,09/03/2019,Manchester City,Watford,3,1,2019
30,Premier League,Newcastle United vs Everton,09/03/2019,Newcastle United,Everton,3,2,2019
30,Premier League,Southampton vs Tottenham Hotspur,09/03/2019,Southampton,Tottenham Hotspur,2,1,2019
30,Premier League,Arsenal vs Manchester United,10/03/2019,Arsenal,Manchester United,2,0,2019
30,Premier League,Chelsea vs Wolverhampton Wanderers,10/03/2019,Chelsea,Wolverhampton Wanderers,1,1,2019
30,Premier League,Liverpool vs Burnley,10/03/2019,Liverpool,Burnley,4,2,2019
30,Premier League,AFC Bournemouth vs Newcastle United,16/03/2019,AFC Bournemouth,Newcastle United,2,2,2019
31,Premier League,Burnley vs Leicester City,16/03/2019,Burnley,Leicester City,1,2,2019
31,Premier League,West Ham United vs Huddersfield Town,16/03/2019,West Ham United,Huddersfield Town,4,3,2019
31,Premier League,Everton vs Chelsea,17/03/2019,Everton,Chelsea,2,0,2019
31,Premier League,Fulham vs Liverpool,17/03/2019,Fulham,Liverpool,1,2,2019
31,Premier League,Brighton & Hove Albion vs Southampton,30/03/2019,Brighton & Hove Albion,Southampton,0,1,2019
31,Premier League,Burnley vs Wolverhampton Wanderers,30/03/2019,Burnley,Wolverhampton Wanderers,2,0,2019
31,Premier League,Crystal Palace vs Huddersfield Town,30/03/2019,Crystal Palace,Huddersfield Town,2,0,2019
31,Premier League,Fulham vs Manchester City,30/03/2019,Fulham,Manchester City,0,2,2019
31,Premier League,Leicester City vs AFC Bournemouth,30/03/2019,Leicester City,AFC Bournemouth,2,0,2019
31,Premier League,Manchester United vs Watford,30/03/2019,Manchester United,Watford,2,1,2019
32,Premier League,West Ham United vs Everton,30/03/2019,West Ham United,Everton,0,2,2019
32,Premier League,Cardiff City vs Chelsea,31/03/2019,Cardiff City,Chelsea,1,2,2019
32,Premier League,Liverpool vs Tottenham Hotspur,31/03/2019,Liverpool,Tottenham Hotspur,2,1,2019
32,Premier League,Arsenal vs Newcastle United,01/04/2019,Arsenal,Newcastle United,2,0,2019
32,Premier League,Watford vs Fulham,02/04/2019,Watford,Fulham,4,1,2019
32,Premier League,Wolverhampton Wanderers vs Manchester United,02/04/2019,Wolverhampton Wanderers,Manchester United,2,1,2019
32,Premier League,Chelsea vs Brighton & Hove Albion,03/04/2019,Chelsea,Brighton & Hove Albion,3,0,2019
32,Premier League,Manchester City vs Cardiff City,03/04/2019,Manchester City,Cardiff City,2,0,2019
32,Premier League,Tottenham Hotspur vs Crystal Palace,03/04/2019,Tottenham Hotspur,Crystal Palace,2,0,2019
32,Premier League,Southampton vs Liverpool,05/04/2019,Southampton,Liverpool,1,3,2019
33,Premier League,AFC Bournemouth vs Burnley,06/04/2019,AFC Bournemouth,Burnley,1,3,2019
33,Premier League,Huddersfield Town vs Leicester City,06/04/2019,Huddersfield Town,Leicester City,1,4,2019
33,Premier League,Newcastle United vs Crystal Palace,06/04/2019,Newcastle United,Crystal Palace,0,1,2019
33,Premier League,Everton vs Arsenal,07/04/2019,Everton,Arsenal,1,0,2019
33,Premier League,Chelsea vs West Ham United,08/04/2019,Chelsea,West Ham United,2,0,2019
33,Premier League,Leicester City vs Newcastle United,12/04/2019,Leicester City,Newcastle United,0,1,2019
33,Premier League,Brighton & Hove Albion vs AFC Bournemouth,13/04/2019,Brighton & Hove Albion,AFC Bournemouth,0,5,2019
33,Premier League,Burnley vs Cardiff City,13/04/2019,Burnley,Cardiff City,2,0,2019
33,Premier League,Fulham vs Everton,13/04/2019,Fulham,Everton,2,0,2019
33,Premier League,Manchester United vs West Ham United,13/04/2019,Manchester United,West Ham United,2,1,2019
34,Premier League,Southampton vs Wolverhampton Wanderers,13/04/2019,Southampton,Wolverhampton Wanderers,3,1,2019
34,Premier League,Tottenham Hotspur vs Huddersfield Town,13/04/2019,Tottenham Hotspur,Huddersfield Town,4,0,2019
34,Premier League,Crystal Palace vs Manchester City,14/04/2019,Crystal Palace,Manchester City,1,3,2019
34,Premier League,Liverpool vs Chelsea,14/04/2019,Liverpool,Chelsea,2,0,2019
34,Premier League,Watford vs Arsenal,15/04/2019,Watford,Arsenal,0,1,2019
34,Premier League,Brighton & Hove Albion vs Cardiff City,16/04/2019,Brighton & Hove Albion,Cardiff City,0,2,2019
34,Premier League,AFC Bournemouth vs Fulham,20/04/2019,AFC Bournemouth,Fulham,0,1,2019
34,Premier League,Huddersfield Town vs Watford,20/04/2019,Huddersfield Town,Watford,1,2,2019
34,Premier League,Manchester City vs Tottenham Hotspur,20/04/2019,Manchester City,Tottenham Hotspur,1,0,2019
34,Premier League,Newcastle United vs Southampton,20/04/2019,Newcastle United,Southampton,3,1,2019
35,Premier League,West Ham United vs Leicester City,20/04/2019,West Ham United,Leicester City,2,2,2019
35,Premier League,Wolverhampton Wanderers vs Brighton & Hove Albion,20/04/2019,Wolverhampton Wanderers,Brighton & Hove Albion,0,0,2019
35,Premier League,Arsenal vs Crystal Palace,21/04/2019,Arsenal,Crystal Palace,2,3,2019
35,Premier League,Cardiff City vs Liverpool,21/04/2019,Cardiff City,Liverpool,0,2,2019
35,Premier League,Everton vs Manchester United,21/04/2019,Everton,Manchester United,4,0,2019
35,Premier League,Chelsea vs Burnley,22/04/2019,Chelsea,Burnley,2,2,2019
35,Premier League,Tottenham Hotspur vs Brighton & Hove Albion,23/04/2019,Tottenham Hotspur,Brighton & Hove Albion,1,0,2019
35,Premier League,Watford vs Southampton,23/04/2019,Watford,Southampton,1,1,2019
35,Premier League,Manchester United vs Manchester City,24/04/2019,Manchester United,Manchester City,0,2,2019
35,Premier League,Wolverhampton Wanderers vs Arsenal,24/04/2019,Wolverhampton Wanderers,Arsenal,3,1,2019
36,Premier League,Liverpool vs Huddersfield Town,26/04/2019,Liverpool,Huddersfield Town,5,0,2019
36,Premier League,Brighton & Hove Albion vs Newcastle United,27/04/2019,Brighton & Hove Albion,Newcastle United,1,1,2019
36,Premier League,Crystal Palace vs Everton,27/04/2019,Crystal Palace,Everton,0,0,2019
36,Premier League,Fulham vs Cardiff City,27/04/2019,Fulham,Cardiff City,1,0,2019
36,Premier League,Southampton vs AFC Bournemouth,27/04/2019,Southampton,AFC Bournemouth,3,3,2019
36,Premier League,Tottenham Hotspur vs West Ham United,27/04/2019,Tottenham Hotspur,West Ham United,0,1,2019
36,Premier League,Watford vs Wolverhampton Wanderers,27/04/2019,Watford,Wolverhampton Wanderers,1,2,2019
36,Premier League,Burnley vs Manchester City,28/04/2019,Burnley,Manchester City,0,1,2019
36,Premier League,Leicester City vs Arsenal,28/04/2019,Leicester City,Arsenal,3,0,2019
36,Premier League,Manchester United vs Chelsea,28/04/2019,Manchester United,Chelsea,1,1,2019
37,Premier League,Everton vs Burnley,03/05/2019,Everton,Burnley,2,0,2019
37,Premier League,AFC Bournemouth vs Tottenham Hotspur,04/05/2019,AFC Bournemouth,Tottenham Hotspur,1,0,2019
37,Premier League,Cardiff City vs Crystal Palace,04/05/2019,Cardiff City,Crystal Palace,2,3,2019
37,Premier League,Newcastle United vs Liverpool,04/05/2019,Newcastle United,Liverpool,2,3,2019
37,Premier League,West Ham United vs Southampton,04/05/2019,West Ham United,Southampton,3,0,2019
37,Premier League,Wolverhampton Wanderers vs Fulham,04/05/2019,Wolverhampton Wanderers,Fulham,1,0,2019
37,Premier League,Arsenal vs Brighton & Hove Albion,05/05/2019,Arsenal,Brighton & Hove Albion,1,1,2019
37,Premier League,Chelsea vs Watford,05/05/2019,Chelsea,Watford,3,0,2019
37,Premier League,Huddersfield Town vs Manchester United,05/05/2019,Huddersfield Town,Manchester United,1,1,2019
37,Premier League,Manchester City vs Leicester City,06/05/2019,Manchester City,Leicester City,1,0,2019
38,Premier League,Brighton & Hove Albion vs Manchester City,12/05/2019,Brighton & Hove Albion,Manchester City,1,4,2019
38,Premier League,Burnley vs Arsenal,12/05/2019,Burnley,Arsenal,1,3,2019
38,Premier League,Crystal Palace vs AFC Bournemouth,12/05/2019,Crystal Palace,AFC Bournemouth,5,3,2019
38,Premier League,Fulham vs Newcastle United,12/05/2019,Fulham,Newcastle United,0,4,2019
38,Premier League,Leicester City vs Chelsea,12/05/2019,Leicester City,Chelsea,0,0,2019
38,Premier League,Liverpool vs Wolverhampton Wanderers,12/05/2019,Liverpool,Wolverhampton Wanderers,2,0,2019
38,Premier League,Manchester United vs Cardiff City,12/05/2019,Manchester United,Cardiff City,0,2,2019
38,Premier League,Southampton vs Huddersfield Town,12/05/2019,Southampton,Huddersfield Town,1,1,2019
38,Premier League,Tottenham Hotspur vs Everton,12/05/2019,Tottenham Hotspur,Everton,2,2,2019
38,Premier League,Watford vs West Ham United,12/05/2019,Watford,West Ham United,1,4,2019
1,Premier League,Liverpool vs Norwich City,09/08/2019,Liverpool,Norwich City,4,1,2020
1,Premier League,West Ham United vs Manchester City,10/08/2019,West Ham United,Manchester City,0,5,2020
1,Premier League,AFC Bournemouth vs Sheffield United,10/08/2019,AFC Bournemouth,Sheffield United,1,1,2020
1,Premier League,Burnley vs Southampton,10/08/2019,Burnley,Southampton,3,0,2020
1,Premier League,Crystal Palace vs Everton,10/08/2019,Crystal Palace,Everton,0,0,2020
1,Premier League,Watford vs Brighton & Hove Albion,10/08/2019,Watford,Brighton & Hove Albion,0,3,2020
1,Premier League,Tottenham Hotspur vs Aston Villa,10/08/2019,Tottenham Hotspur,Aston Villa,3,1,2020
1,Premier League,Leicester City vs Wolverhampton Wanderers,11/08/2019,Leicester City,Wolverhampton Wanderers,0,0,2020
1,Premier League,Newcastle United vs Arsenal,11/08/2019,Newcastle United,Arsenal,0,1,2020
1,Premier League,Manchester United vs Chelsea,11/08/2019,Manchester United,Chelsea,4,0,2020
2,Premier League,Arsenal vs Burnley,17/08/2019,Arsenal,Burnley,2,1,2020
2,Premier League,Aston Villa vs AFC Bournemouth,17/08/2019,Aston Villa,AFC Bournemouth,1,2,2020
2,Premier League,Brighton & Hove Albion vs West Ham United,17/08/2019,Brighton & Hove Albion,West Ham United,1,1,2020
2,Premier League,Everton vs Watford,17/08/2019,Everton,Watford,1,0,2020
2,Premier League,Norwich City vs Newcastle United,17/08/2019,Norwich City,Newcastle United,3,1,2020
2,Premier League,Southampton vs Liverpool,17/08/2019,Southampton,Liverpool,1,2,2020
2,Premier League,Manchester City vs Tottenham Hotspur,17/08/2019,Manchester City,Tottenham Hotspur,2,2,2020
2,Premier League,Sheffield United vs Crystal Palace,18/08/2019,Sheffield United,Crystal Palace,1,0,2020
2,Premier League,Chelsea vs Leicester City,18/08/2019,Chelsea,Leicester City,1,1,2020
2,Premier League,Wolverhampton Wanderers vs Manchester United,19/08/2019,Wolverhampton Wanderers,Manchester United,1,1,2020
3,Premier League,Aston Villa vs Everton,23/08/2019,Aston Villa,Everton,2,0,2020
3,Premier League,Norwich City vs Chelsea,24/08/2019,Norwich City,Chelsea,2,3,2020
3,Premier League,Brighton & Hove Albion vs Southampton,24/08/2019,Brighton & Hove Albion,Southampton,0,2,2020
3,Premier League,Manchester United vs Crystal Palace,24/08/2019,Manchester United,Crystal Palace,1,2,2020
3,Premier League,Sheffield United vs Leicester City,24/08/2019,Sheffield United,Leicester City,1,2,2020
3,Premier League,Watford vs West Ham United,24/08/2019,Watford,West Ham United,1,3,2020
3,Premier League,Liverpool vs Arsenal,24/08/2019,Liverpool,Arsenal,3,1,2020
3,Premier League,AFC Bournemouth vs Manchester City,25/08/2019,AFC Bournemouth,Manchester City,1,3,2020
3,Premier League,Tottenham Hotspur vs Newcastle United,25/08/2019,Tottenham Hotspur,Newcastle United,0,1,2020
3,Premier League,Wolverhampton Wanderers vs Burnley,25/08/2019,Wolverhampton Wanderers,Burnley,1,1,2020
4,Premier League,Southampton vs Manchester United,31/08/2019,Southampton,Manchester United,1,1,2020
4,Premier League,Chelsea vs Sheffield United,31/08/2019,Chelsea,Sheffield United,2,2,2020
4,Premier League,Crystal Palace vs Aston Villa,31/08/2019,Crystal Palace,Aston Villa,1,0,2020
4,Premier League,Leicester City vs AFC Bournemouth,31/08/2019,Leicester City,AFC Bournemouth,3,1,2020
4,Premier League,Manchester City vs Brighton & Hove Albion,31/08/2019,Manchester City,Brighton & Hove Albion,4,0,2020
4,Premier League,Newcastle United vs Watford,31/08/2019,Newcastle United,Watford,1,1,2020
4,Premier League,West Ham United vs Norwich City,31/08/2019,West Ham United,Norwich City,2,0,2020
4,Premier League,Burnley vs Liverpool,31/08/2019,Burnley,Liverpool,0,3,2020
4,Premier League,Everton vs Wolverhampton Wanderers,01/09/2019,Everton,Wolverhampton Wanderers,3,2,2020
4,Premier League,Arsenal vs Tottenham Hotspur,01/09/2019,Arsenal,Tottenham Hotspur,2,2,2020
5,Premier League,Liverpool vs Newcastle United,14/09/2019,Liverpool,Newcastle United,3,1,2020
5,Premier League,Brighton & Hove Albion vs Burnley,14/09/2019,Brighton & Hove Albion,Burnley,1,1,2020
5,Premier League,Manchester United vs Leicester City,14/09/2019,Manchester United,Leicester City,1,0,2020
5,Premier League,Sheffield United vs Southampton,14/09/2019,Sheffield United,Southampton,0,1,2020
5,Premier League,Tottenham Hotspur vs Crystal Palace,14/09/2019,Tottenham Hotspur,Crystal Palace,4,0,2020
5,Premier League,Wolverhampton Wanderers vs Chelsea,14/09/2019,Wolverhampton Wanderers,Chelsea,2,5,2020
5,Premier League,Norwich City vs Manchester City,14/09/2019,Norwich City,Manchester City,3,2,2020
5,Premier League,AFC Bournemouth vs Everton,15/09/2019,AFC Bournemouth,Everton,3,1,2020
5,Premier League,Watford vs Arsenal,15/09/2019,Watford,Arsenal,2,2,2020
5,Premier League,Aston Villa vs West Ham United,16/09/2019,Aston Villa,West Ham United,0,0,2020
6,Premier League,Southampton vs AFC Bournemouth,20/09/2019,Southampton,AFC Bournemouth,1,3,2020
6,Premier League,Leicester City vs Tottenham Hotspur,21/09/2019,Leicester City,Tottenham Hotspur,2,1,2020
6,Premier League,Burnley vs Norwich City,21/09/2019,Burnley,Norwich City,2,0,2020
6,Premier League,Everton vs Sheffield United,21/09/2019,Everton,Sheffield United,0,2,2020
6,Premier League,Manchester City vs Watford,21/09/2019,Manchester City,Watford,8,0,2020
6,Premier League,Newcastle United vs Brighton & Hove Albion,21/09/2019,Newcastle United,Brighton & Hove Albion,0,0,2020
6,Premier League,Crystal Palace vs Wolverhampton Wanderers,22/09/2019,Crystal Palace,Wolverhampton Wanderers,1,1,2020
6,Premier League,West Ham United vs Manchester United,22/09/2019,West Ham United,Manchester United,2,0,2020
6,Premier League,Arsenal vs Aston Villa,22/09/2019,Arsenal,Aston Villa,3,2,2020
6,Premier League,Chelsea vs Liverpool,22/09/2019,Chelsea,Liverpool,1,2,2020
7,Premier League,Sheffield United vs Liverpool,28/09/2019,Sheffield United,Liverpool,0,1,2020
7,Premier League,Aston Villa vs Burnley,28/09/2019,Aston Villa,Burnley,2,2,2020
7,Premier League,AFC Bournemouth vs West Ham United,28/09/2019,AFC Bournemouth,West Ham United,2,2,2020
7,Premier League,Chelsea vs Brighton & Hove Albion,28/09/2019,Chelsea,Brighton & Hove Albion,2,0,2020
7,Premier League,Crystal Palace vs Norwich City,28/09/2019,Crystal Palace,Norwich City,2,0,2020
7,Premier League,Tottenham Hotspur vs Southampton,28/09/2019,Tottenham Hotspur,Southampton,2,1,2020
7,Premier League,Wolverhampton Wanderers vs Watford,28/09/2019,Wolverhampton Wanderers,Watford,2,0,2020
7,Premier League,Everton vs Manchester City,28/09/2019,Everton,Manchester City,1,3,2020
7,Premier League,Leicester City vs Newcastle United,29/09/2019,Leicester City,Newcastle United,5,0,2020
7,Premier League,Manchester United vs Arsenal,30/09/2019,Manchester United,Arsenal,1,1,2020
8,Premier League,Brighton & Hove Albion vs Tottenham Hotspur,05/10/2019,Brighton & Hove Albion,Tottenham Hotspur,3,0,2020
8,Premier League,Burnley vs Everton,05/10/2019,Burnley,Everton,1,0,2020
8,Premier League,Liverpool vs Leicester City,05/10/2019,Liverpool,Leicester City,2,1,2020
8,Premier League,Norwich City vs Aston Villa,05/10/2019,Norwich City,Aston Villa,1,5,2020
8,Premier League,Watford vs Sheffield United,05/10/2019,Watford,Sheffield United,0,0,2020
8,Premier League,West Ham United vs Crystal Palace,05/10/2019,West Ham United,Crystal Palace,1,2,2020
8,Premier League,Arsenal vs AFC Bournemouth,06/10/2019,Arsenal,AFC Bournemouth,1,0,2020
8,Premier League,Manchester City vs Wolverhampton Wanderers,06/10/2019,Manchester City,Wolverhampton Wanderers,0,2,2020
8,Premier League,Southampton vs Chelsea,06/10/2019,Southampton,Chelsea,1,4,2020
8,Premier League,Newcastle United vs Manchester United,06/10/2019,Newcastle United,Manchester United,1,0,2020
9,Premier League,Everton vs West Ham United,19/10/2019,Everton,West Ham United,2,0,2020
9,Premier League,Aston Villa vs Brighton & Hove Albion,19/10/2019,Aston Villa,Brighton & Hove Albion,2,1,2020
9,Premier League,AFC Bournemouth vs Norwich City,19/10/2019,AFC Bournemouth,Norwich City,0,0,2020
9,Premier League,Chelsea vs Newcastle United,19/10/2019,Chelsea,Newcastle United,1,0,2020
9,Premier League,Leicester City vs Burnley,19/10/2019,Leicester City,Burnley,2,1,2020
9,Premier League,Tottenham Hotspur vs Watford,19/10/2019,Tottenham Hotspur,Watford,1,1,2020
9,Premier League,Wolverhampton Wanderers vs Southampton,19/10/2019,Wolverhampton Wanderers,Southampton,1,1,2020
9,Premier League,Crystal Palace vs Manchester City,19/10/2019,Crystal Palace,Manchester City,0,2,2020
9,Premier League,Manchester United vs Liverpool,20/10/2019,Manchester United,Liverpool,1,1,2020
9,Premier League,Sheffield United vs Arsenal,21/10/2019,Sheffield United,Arsenal,1,0,2020
10,Premier League,Southampton vs Leicester City,25/10/2019,Southampton,Leicester City,0,9,2020
10,Premier League,Manchester City vs Aston Villa,26/10/2019,Manchester City,Aston Villa,3,0,2020
10,Premier League,Brighton & Hove Albion vs Everton,26/10/2019,Brighton & Hove Albion,Everton,3,2,2020
10,Premier League,Watford vs AFC Bournemouth,26/10/2019,Watford,AFC Bournemouth,0,0,2020
10,Premier League,West Ham United vs Sheffield United,26/10/2019,West Ham United,Sheffield United,1,1,2020
10,Premier League,Burnley vs Chelsea,26/10/2019,Burnley,Chelsea,2,4,2020
10,Premier League,Newcastle United vs Wolverhampton Wanderers,27/10/2019,Newcastle United,Wolverhampton Wanderers,1,1,2020
10,Premier League,Arsenal vs Crystal Palace,27/10/2019,Arsenal,Crystal Palace,2,2,2020
10,Premier League,Liverpool vs Tottenham Hotspur,27/10/2019,Liverpool,Tottenham Hotspur,2,1,2020
10,Premier League,Norwich City vs Manchester United,27/10/2019,Norwich City,Manchester United,1,3,2020
11,Premier League,AFC Bournemouth vs Manchester United,02/11/2019,AFC Bournemouth,Manchester United,1,0,2020
11,Premier League,Arsenal vs Wolverhampton Wanderers,02/11/2019,Arsenal,Wolverhampton Wanderers,1,1,2020
11,Premier League,Aston Villa vs Liverpool,02/11/2019,Aston Villa,Liverpool,1,2,2020
11,Premier League,Brighton & Hove Albion vs Norwich City,02/11/2019,Brighton & Hove Albion,Norwich City,2,0,2020
11,Premier League,Manchester City vs Southampton,02/11/2019,Manchester City,Southampton,2,1,2020
11,Premier League,Sheffield United vs Burnley,02/11/2019,Sheffield United,Burnley,3,0,2020
11,Premier League,West Ham United vs Newcastle United,02/11/2019,West Ham United,Newcastle United,2,3,2020
11,Premier League,Watford vs Chelsea,02/11/2019,Watford,Chelsea,1,2,2020
11,Premier League,Crystal Palace vs Leicester City,03/11/2019,Crystal Palace,Leicester City,0,2,2020
11,Premier League,Everton vs Tottenham Hotspur,03/11/2019,Everton,Tottenham Hotspur,1,1,2020
12,Premier League,Norwich City vs Watford,08/11/2019,Norwich City,Watford,0,2,2020
12,Premier League,Chelsea vs Crystal Palace,09/11/2019,Chelsea,Crystal Palace,2,0,2020
12,Premier League,Burnley vs West Ham United,09/11/2019,Burnley,West Ham United,3,0,2020
12,Premier League,Newcastle United vs AFC Bournemouth,09/11/2019,Newcastle United,AFC Bournemouth,2,1,2020
12,Premier League,Southampton vs Everton,09/11/2019,Southampton,Everton,1,2,2020
12,Premier League,Tottenham Hotspur vs Sheffield United,09/11/2019,Tottenham Hotspur,Sheffield United,1,1,2020
12,Premier League,Leicester City vs Arsenal,09/11/2019,Leicester City,Arsenal,2,0,2020
12,Premier League,Manchester United vs Brighton & Hove Albion,10/11/2019,Manchester United,Brighton & Hove Albion,3,1,2020
12,Premier League,Wolverhampton Wanderers vs Aston Villa,10/11/2019,Wolverhampton Wanderers,Aston Villa,2,1,2020
12,Premier League,Liverpool vs Manchester City,10/11/2019,Liverpool,Manchester City,3,1,2020
13,Premier League,West Ham United vs Tottenham Hotspur,23/11/2019,West Ham United,Tottenham Hotspur,2,3,2020
13,Premier League,Arsenal vs Southampton,23/11/2019,Arsenal,Southampton,2,2,2020
13,Premier League,AFC Bournemouth vs Wolverhampton Wanderers,23/11/2019,AFC Bournemouth,Wolverhampton Wanderers,1,2,2020
13,Premier League,Brighton & Hove Albion vs Leicester City,23/11/2019,Brighton & Hove Albion,Leicester City,0,2,2020
13,Premier League,Crystal Palace vs Liverpool,23/11/2019,Crystal Palace,Liverpool,1,2,2020
13,Premier League,Everton vs Norwich City,23/11/2019,Everton,Norwich City,0,2,2020
13,Premier League,Watford vs Burnley,23/11/2019,Watford,Burnley,0,3,2020
13,Premier League,Manchester City vs Chelsea,23/11/2019,Manchester City,Chelsea,2,1,2020
13,Premier League,Sheffield United vs Manchester United,24/11/2019,Sheffield United,Manchester United,3,3,2020
13,Premier League,Aston Villa vs Newcastle United,25/11/2019,Aston Villa,Newcastle United,2,0,2020
14,Premier League,Newcastle United vs Manchester City,30/11/2019,Newcastle United,Manchester City,2,2,2020
14,Premier League,Burnley vs Crystal Palace,30/11/2019,Burnley,Crystal Palace,0,2,2020
14,Premier League,Chelsea vs West Ham United,30/11/2019,Chelsea,West Ham United,0,1,2020
14,Premier League,Liverpool vs Brighton & Hove Albion,30/11/2019,Liverpool,Brighton & Hove Albion,2,1,2020
14,Premier League,Tottenham Hotspur vs AFC Bournemouth,30/11/2019,Tottenham Hotspur,AFC Bournemouth,3,2,2020
14,Premier League,Southampton vs Watford,30/11/2019,Southampton,Watford,2,1,2020
14,Premier League,Norwich City vs Arsenal,01/12/2019,Norwich City,Arsenal,2,2,2020
14,Premier League,Wolverhampton Wanderers vs Sheffield United,01/12/2019,Wolverhampton Wanderers,Sheffield United,1,1,2020
14,Premier League,Leicester City vs Everton,01/12/2019,Leicester City,Everton,2,1,2020
14,Premier League,Manchester United vs Aston Villa,01/12/2019,Manchester United,Aston Villa,2,2,2020
15,Premier League,Crystal Palace vs AFC Bournemouth,03/12/2019,Crystal Palace,AFC Bournemouth,1,0,2020
15,Premier League,Burnley vs Manchester City,03/12/2019,Burnley,Manchester City,1,4,2020
15,Premier League,Chelsea vs Aston Villa,04/12/2019,Chelsea,Aston Villa,2,1,2020
15,Premier League,Leicester City vs Watford,04/12/2019,Leicester City,Watford,2,0,2020
15,Premier League,Manchester United vs Tottenham Hotspur,04/12/2019,Manchester United,Tottenham Hotspur,2,1,2020
15,Premier League,Southampton vs Norwich City,04/12/2019,Southampton,Norwich City,2,1,2020
15,Premier League,Wolverhampton Wanderers vs West Ham United,04/12/2019,Wolverhampton Wanderers,West Ham United,2,0,2020
15,Premier League,Liverpool vs Everton,04/12/2019,Liverpool,Everton,5,2,2020
15,Premier League,Sheffield United vs Newcastle United,05/12/2019,Sheffield United,Newcastle United,0,2,2020
15,Premier League,Arsenal vs Brighton & Hove Albion,05/12/2019,Arsenal,Brighton & Hove Albion,1,2,2020
16,Premier League,Everton vs Chelsea,07/12/2019,Everton,Chelsea,3,1,2020
16,Premier League,AFC Bournemouth vs Liverpool,07/12/2019,AFC Bournemouth,Liverpool,0,3,2020
16,Premier League,Tottenham Hotspur vs Burnley,07/12/2019,Tottenham Hotspur,Burnley,5,0,2020
16,Premier League,Watford vs Crystal Palace,07/12/2019,Watford,Crystal Palace,0,0,2020
16,Premier League,Manchester City vs Manchester United,07/12/2019,Manchester City,Manchester United,1,2,2020
16,Premier League,Aston Villa vs Leicester City,08/12/2019,Aston Villa,Leicester City,1,4,2020
16,Premier League,Newcastle United vs Southampton,08/12/2019,Newcastle United,Southampton,2,1,2020
16,Premier League,Norwich City vs Sheffield United,08/12/2019,Norwich City,Sheffield United,1,2,2020
16,Premier League,Brighton & Hove Albion vs Wolverhampton Wanderers,08/12/2019,Brighton & Hove Albion,Wolverhampton Wanderers,2,2,2020
16,Premier League,West Ham United vs Arsenal,09/12/2019,West Ham United,Arsenal,1,3,2020
17,Premier League,Liverpool vs Watford,14/12/2019,Liverpool,Watford,2,0,2020
17,Premier League,Burnley vs Newcastle United,14/12/2019,Burnley,Newcastle United,1,0,2020
17,Premier League,Chelsea vs AFC Bournemouth,14/12/2019,Chelsea,AFC Bournemouth,0,1,2020
17,Premier League,Leicester City vs Norwich City,14/12/2019,Leicester City,Norwich City,1,1,2020
17,Premier League,Sheffield United vs Aston Villa,14/12/2019,Sheffield United,Aston Villa,2,0,2020
17,Premier League,Southampton vs West Ham United,14/12/2019,Southampton,West Ham United,0,1,2020
17,Premier League,Manchester United vs Everton,15/12/2019,Manchester United,Everton,1,1,2020
17,Premier League,Wolverhampton Wanderers vs Tottenham Hotspur,15/12/2019,Wolverhampton Wanderers,Tottenham Hotspur,1,2,2020
17,Premier League,Arsenal vs Manchester City,15/12/2019,Arsenal,Manchester City,0,3,2020
17,Premier League,Crystal Palace vs Brighton & Hove Albion,16/12/2019,Crystal Palace,Brighton & Hove Albion,1,1,2020
18,Premier League,Everton vs Arsenal,21/12/2019,Everton,Arsenal,0,0,2020
18,Premier League,Aston Villa vs Southampton,21/12/2019,Aston Villa,Southampton,1,3,2020
18,Premier League,AFC Bournemouth vs Burnley,21/12/2019,AFC Bournemouth,Burnley,0,1,2020
18,Premier League,Brighton & Hove Albion vs Sheffield United,21/12/2019,Brighton & Hove Albion,Sheffield United,0,1,2020
18,Premier League,Newcastle United vs Crystal Palace,21/12/2019,Newcastle United,Crystal Palace,1,0,2020
18,Premier League,Norwich City vs Wolverhampton Wanderers,21/12/2019,Norwich City,Wolverhampton Wanderers,1,2,2020
18,Premier League,Manchester City vs Leicester City,21/12/2019,Manchester City,Leicester City,3,1,2020
18,Premier League,Watford vs Manchester United,22/12/2019,Watford,Manchester United,2,0,2020
18,Premier League,Tottenham Hotspur vs Chelsea,22/12/2019,Tottenham Hotspur,Chelsea,0,2,2020
18,Premier League,Tottenham Hotspur vs Brighton & Hove Albion,26/12/2019,Tottenham Hotspur,Brighton & Hove Albion,2,1,2020
19,Premier League,Aston Villa vs Norwich City,26/12/2019,Aston Villa,Norwich City,1,0,2020
19,Premier League,AFC Bournemouth vs Arsenal,26/12/2019,AFC Bournemouth,Arsenal,1,1,2020
19,Premier League,Chelsea vs Southampton,26/12/2019,Chelsea,Southampton,0,2,2020
19,Premier League,Crystal Palace vs West Ham United,26/12/2019,Crystal Palace,West Ham United,2,1,2020
19,Premier League,Everton vs Burnley,26/12/2019,Everton,Burnley,1,0,2020
19,Premier League,Sheffield United vs Watford,26/12/2019,Sheffield United,Watford,1,1,2020
19,Premier League,Manchester United vs Newcastle United,26/12/2019,Manchester United,Newcastle United,4,1,2020
19,Premier League,Leicester City vs Liverpool,26/12/2019,Leicester City,Liverpool,0,4,2020
19,Premier League,Wolverhampton Wanderers vs Manchester City,27/12/2019,Wolverhampton Wanderers,Manchester City,3,2,2020
19,Premier League,Brighton & Hove Albion vs AFC Bournemouth,28/12/2019,Brighton & Hove Albion,AFC Bournemouth,2,0,2020
20,Premier League,Newcastle United vs Everton,28/12/2019,Newcastle United,Everton,1,2,2020
20,Premier League,Southampton vs Crystal Palace,28/12/2019,Southampton,Crystal Palace,1,1,2020
20,Premier League,Watford vs Aston Villa,28/12/2019,Watford,Aston Villa,3,0,2020
20,Premier League,Norwich City vs Tottenham Hotspur,28/12/2019,Norwich City,Tottenham Hotspur,2,2,2020
20,Premier League,West Ham United vs Leicester City,28/12/2019,West Ham United,Leicester City,1,2,2020
20,Premier League,Burnley vs Manchester United,28/12/2019,Burnley,Manchester United,0,2,2020
20,Premier League,Arsenal vs Chelsea,29/12/2019,Arsenal,Chelsea,1,2,2020
20,Premier League,Liverpool vs Wolverhampton Wanderers,29/12/2019,Liverpool,Wolverhampton Wanderers,1,0,2020
20,Premier League,Manchester City vs Sheffield United,29/12/2019,Manchester City,Sheffield United,2,0,2020
20,Premier League,Brighton & Hove Albion vs Chelsea,01/01/2020,Brighton & Hove Albion,Chelsea,1,1,2020
21,Premier League,Burnley vs Aston Villa,01/01/2020,Burnley,Aston Villa,1,2,2020
21,Premier League,Newcastle United vs Leicester City,01/01/2020,Newcastle United,Leicester City,0,3,2020
21,Premier League,Southampton vs Tottenham Hotspur,01/01/2020,Southampton,Tottenham Hotspur,1,0,2020
21,Premier League,Watford vs Wolverhampton Wanderers,01/01/2020,Watford,Wolverhampton Wanderers,2,1,2020
21,Premier League,Manchester City vs Everton,01/01/2020,Manchester City,Everton,2,1,2020
21,Premier League,Norwich City vs Crystal Palace,01/01/2020,Norwich City,Crystal Palace,1,1,2020
21,Premier League,West Ham United vs AFC Bournemouth,01/01/2020,West Ham United,AFC Bournemouth,4,0,2020
21,Premier League,Arsenal vs Manchester United,01/01/2020,Arsenal,Manchester United,2,0,2020
21,Premier League,Liverpool vs Sheffield United,02/01/2020,Liverpool,Sheffield United,2,0,2020
21,Premier League,Sheffield United vs West Ham United,10/01/2020,Sheffield United,West Ham United,1,0,2020
22,Premier League,Crystal Palace vs Arsenal,11/01/2020,Crystal Palace,Arsenal,1,1,2020
22,Premier League,Chelsea vs Burnley,11/01/2020,Chelsea,Burnley,3,0,2020
22,Premier League,Everton vs Brighton & Hove Albion,11/01/2020,Everton,Brighton & Hove Albion,1,0,2020
22,Premier League,Leicester City vs Southampton,11/01/2020,Leicester City,Southampton,1,2,2020
22,Premier League,Manchester United vs Norwich City,11/01/2020,Manchester United,Norwich City,4,0,2020
22,Premier League,Wolverhampton Wanderers vs Newcastle United,11/01/2020,Wolverhampton Wanderers,Newcastle United,1,1,2020
22,Premier League,Tottenham Hotspur vs Liverpool,11/01/2020,Tottenham Hotspur,Liverpool,0,1,2020
22,Premier League,AFC Bournemouth vs Watford,12/01/2020,AFC Bournemouth,Watford,0,3,2020
22,Premier League,Aston Villa vs Manchester City,12/01/2020,Aston Villa,Manchester City,1,6,2020
22,Premier League,Watford vs Tottenham Hotspur,18/01/2020,Watford,Tottenham Hotspur,0,0,2020
23,Premier League,Arsenal vs Sheffield United,18/01/2020,Arsenal,Sheffield United,1,1,2020
23,Premier League,Brighton & Hove Albion vs Aston Villa,18/01/2020,Brighton & Hove Albion,Aston Villa,1,1,2020
23,Premier League,Manchester City vs Crystal Palace,18/01/2020,Manchester City,Crystal Palace,2,2,2020
23,Premier League,Norwich City vs AFC Bournemouth,18/01/2020,Norwich City,AFC Bournemouth,1,0,2020
23,Premier League,Southampton vs Wolverhampton Wanderers,18/01/2020,Southampton,Wolverhampton Wanderers,2,3,2020
23,Premier League,West Ham United vs Everton,18/01/2020,West Ham United,Everton,1,1,2020
23,Premier League,Newcastle United vs Chelsea,18/01/2020,Newcastle United,Chelsea,1,0,2020
23,Premier League,Burnley vs Leicester City,19/01/2020,Burnley,Leicester City,2,1,2020
23,Premier League,Liverpool vs Manchester United,19/01/2020,Liverpool,Manchester United,2,0,2020
23,Premier League,Aston Villa vs Watford,21/01/2020,Aston Villa,Watford,2,1,2020
24,Premier League,AFC Bournemouth vs Brighton & Hove Albion,21/01/2020,AFC Bournemouth,Brighton & Hove Albion,3,1,2020
24,Premier League,Crystal Palace vs Southampton,21/01/2020,Crystal Palace,Southampton,0,2,2020
24,Premier League,Everton vs Newcastle United,21/01/2020,Everton,Newcastle United,2,2,2020
24,Premier League,Sheffield United vs Manchester City,21/01/2020,Sheffield United,Manchester City,0,1,2020
24,Premier League,Chelsea vs Arsenal,21/01/2020,Chelsea,Arsenal,2,2,2020
24,Premier League,Leicester City vs West Ham United,22/01/2020,Leicester City,West Ham United,4,1,2020
24,Premier League,Tottenham Hotspur vs Norwich City,22/01/2020,Tottenham Hotspur,Norwich City,2,1,2020
24,Premier League,Manchester United vs Burnley,22/01/2020,Manchester United,Burnley,0,2,2020
24,Premier League,Wolverhampton Wanderers vs Liverpool,23/01/2020,Wolverhampton Wanderers,Liverpool,1,2,2020
24,Premier League,West Ham United vs Liverpool,29/01/2020,West Ham United,Liverpool,0,2,2020
25,Premier League,Leicester City vs Chelsea,01/02/2020,Leicester City,Chelsea,2,2,2020
25,Premier League,AFC Bournemouth vs Aston Villa,01/02/2020,AFC Bournemouth,Aston Villa,2,1,2020
25,Premier League,Crystal Palace vs Sheffield United,01/02/2020,Crystal Palace,Sheffield United,0,1,2020
25,Premier League,Liverpool vs Southampton,01/02/2020,Liverpool,Southampton,4,0,2020
25,Premier League,Newcastle United vs Norwich City,01/02/2020,Newcastle United,Norwich City,0,0,2020
25,Premier League,Watford vs Everton,01/02/2020,Watford,Everton,2,3,2020
25,Premier League,West Ham United vs Brighton & Hove Albion,01/02/2020,West Ham United,Brighton & Hove Albion,3,3,2020
25,Premier League,Manchester United vs Wolverhampton Wanderers,01/02/2020,Manchester United,Wolverhampton Wanderers,0,0,2020
25,Premier League,Burnley vs Arsenal,02/02/2020,Burnley,Arsenal,0,0,2020
25,Premier League,Tottenham Hotspur vs Manchester City,02/02/2020,Tottenham Hotspur,Manchester City,2,0,2020
26,Premier League,Everton vs Crystal Palace,08/02/2020,Everton,Crystal Palace,3,1,2020
26,Premier League,Brighton & Hove Albion vs Watford,08/02/2020,Brighton & Hove Albion,Watford,1,1,2020
26,Premier League,Sheffield United vs AFC Bournemouth,09/02/2020,Sheffield United,AFC Bournemouth,2,1,2020
26,Premier League,Wolverhampton Wanderers vs Leicester City,14/02/2020,Wolverhampton Wanderers,Leicester City,0,0,2020
26,Premier League,Southampton vs Burnley,15/02/2020,Southampton,Burnley,1,2,2020
26,Premier League,Norwich City vs Liverpool,15/02/2020,Norwich City,Liverpool,0,1,2020
26,Premier League,Aston Villa vs Tottenham Hotspur,16/02/2020,Aston Villa,Tottenham Hotspur,2,3,2020
26,Premier League,Arsenal vs Newcastle United,16/02/2020,Arsenal,Newcastle United,4,0,2020
26,Premier League,Chelsea vs Manchester United,17/02/2020,Chelsea,Manchester United,0,2,2020
26,Premier League,Manchester City vs West Ham United,19/02/2020,Manchester City,West Ham United,2,0,2020
27,Premier League,Chelsea vs Tottenham Hotspur,22/02/2020,Chelsea,Tottenham Hotspur,2,1,2020
27,Premier League,Burnley vs AFC Bournemouth,22/02/2020,Burnley,AFC Bournemouth,3,0,2020
27,Premier League,Crystal Palace vs Newcastle United,22/02/2020,Crystal Palace,Newcastle United,1,0,2020
27,Premier League,Sheffield United vs Brighton & Hove Albion,22/02/2020,Sheffield United,Brighton & Hove Albion,1,1,2020
27,Premier League,Southampton vs Aston Villa,22/02/2020,Southampton,Aston Villa,2,0,2020
27,Premier League,Leicester City vs Manchester City,22/02/2020,Leicester City,Manchester City,0,1,2020
27,Premier League,Manchester United vs Watford,23/02/2020,Manchester United,Watford,3,0,2020
27,Premier League,Wolverhampton Wanderers vs Norwich City,23/02/2020,Wolverhampton Wanderers,Norwich City,3,0,2020
27,Premier League,Arsenal vs Everton,23/02/2020,Arsenal,Everton,3,2,2020
27,Premier League,Liverpool vs West Ham United,24/02/2020,Liverpool,West Ham United,3,2,2020
28,Premier League,Norwich City vs Leicester City,28/02/2020,Norwich City,Leicester City,1,0,2020
28,Premier League,Brighton & Hove Albion vs Crystal Palace,29/02/2020,Brighton & Hove Albion,Crystal Palace,0,1,2020
28,Premier League,AFC Bournemouth vs Chelsea,29/02/2020,AFC Bournemouth,Chelsea,2,2,2020
28,Premier League,Newcastle United vs Burnley,29/02/2020,Newcastle United,Burnley,0,0,2020
28,Premier League,West Ham United vs Southampton,29/02/2020,West Ham United,Southampton,3,1,2020
28,Premier League,Watford vs Liverpool,29/02/2020,Watford,Liverpool,3,0,2020
28,Premier League,Everton vs Manchester United,01/03/2020,Everton,Manchester United,1,1,2020
28,Premier League,Tottenham Hotspur vs Wolverhampton Wanderers,01/03/2020,Tottenham Hotspur,Wolverhampton Wanderers,2,3,2020
28,Premier League,Liverpool vs AFC Bournemouth,07/03/2020,Liverpool,AFC Bournemouth,2,1,2020
28,Premier League,Arsenal vs West Ham United,07/03/2020,Arsenal,West Ham United,1,0,2020
29,Premier League,Crystal Palace vs Watford,07/03/2020,Crystal Palace,Watford,1,0,2020
29,Premier League,Sheffield United vs Norwich City,07/03/2020,Sheffield United,Norwich City,1,0,2020
29,Premier League,Southampton vs Newcastle United,07/03/2020,Southampton,Newcastle United,0,1,2020
29,Premier League,Wolverhampton Wanderers vs Brighton & Hove Albion,07/03/2020,Wolverhampton Wanderers,Brighton & Hove Albion,0,0,2020
29,Premier League,Burnley vs Tottenham Hotspur,07/03/2020,Burnley,Tottenham Hotspur,1,1,2020
29,Premier League,Chelsea vs Everton,08/03/2020,Chelsea,Everton,4,0,2020
29,Premier League,Manchester United vs Manchester City,08/03/2020,Manchester United,Manchester City,2,0,2020
29,Premier League,Leicester City vs Aston Villa,09/03/2020,Leicester City,Aston Villa,4,0,2020
29,Premier League,Aston Villa vs Sheffield United,17/06/2020,Aston Villa,Sheffield United,0,0,2020
29,Premier League,Manchester City vs Arsenal,17/06/2020,Manchester City,Arsenal,3,0,2020
30,Premier League,Norwich City vs Southampton,19/06/2020,Norwich City,Southampton,0,3,2020
30,Premier League,Tottenham Hotspur vs Manchester United,19/06/2020,Tottenham Hotspur,Manchester United,1,1,2020
30,Premier League,Watford vs Leicester City,20/06/2020,Watford,Leicester City,1,1,2020
30,Premier League,Brighton & Hove Albion vs Arsenal,20/06/2020,Brighton & Hove Albion,Arsenal,2,1,2020
30,Premier League,West Ham United vs Wolverhampton Wanderers,20/06/2020,West Ham United,Wolverhampton Wanderers,0,2,2020
30,Premier League,AFC Bournemouth vs Crystal Palace,20/06/2020,AFC Bournemouth,Crystal Palace,0,2,2020
30,Premier League,Newcastle United vs Sheffield United,21/06/2020,Newcastle United,Sheffield United,3,0,2020
30,Premier League,Aston Villa vs Chelsea,21/06/2020,Aston Villa,Chelsea,1,2,2020
30,Premier League,Everton vs Liverpool,21/06/2020,Everton,Liverpool,0,0,2020
30,Premier League,Manchester City vs Burnley,22/06/2020,Manchester City,Burnley,5,0,2020
31,Premier League,Leicester City vs Brighton & Hove Albion,23/06/2020,Leicester City,Brighton & Hove Albion,0,0,2020
31,Premier League,Tottenham Hotspur vs West Ham United,23/06/2020,Tottenham Hotspur,West Ham United,2,0,2020
31,Premier League,Manchester United vs Sheffield United,24/06/2020,Manchester United,Sheffield United,3,0,2020
31,Premier League,Newcastle United vs Aston Villa,24/06/2020,Newcastle United,Aston Villa,1,1,2020
31,Premier League,Norwich City vs Everton,24/06/2020,Norwich City,Everton,0,1,2020
31,Premier League,Wolverhampton Wanderers vs AFC Bournemouth,24/06/2020,Wolverhampton Wanderers,AFC Bournemouth,1,0,2020
31,Premier League,Liverpool vs Crystal Palace,24/06/2020,Liverpool,Crystal Palace,4,0,2020
31,Premier League,Burnley vs Watford,25/06/2020,Burnley,Watford,1,0,2020
31,Premier League,Southampton vs Arsenal,25/06/2020,Southampton,Arsenal,0,2,2020
31,Premier League,Chelsea vs Manchester City,25/06/2020,Chelsea,Manchester City,2,1,2020
32,Premier League,Aston Villa vs Wolverhampton Wanderers,27/06/2020,Aston Villa,Wolverhampton Wanderers,0,1,2020
32,Premier League,Watford vs Southampton,28/06/2020,Watford,Southampton,1,3,2020
32,Premier League,Crystal Palace vs Burnley,29/06/2020,Crystal Palace,Burnley,0,1,2020
32,Premier League,Brighton & Hove Albion vs Manchester United,30/06/2020,Brighton & Hove Albion,Manchester United,0,3,2020
32,Premier League,Arsenal vs Norwich City,01/07/2020,Arsenal,Norwich City,4,0,2020
32,Premier League,AFC Bournemouth vs Newcastle United,01/07/2020,AFC Bournemouth,Newcastle United,1,4,2020
32,Premier League,Everton vs Leicester City,01/07/2020,Everton,Leicester City,2,1,2020
32,Premier League,West Ham United vs Chelsea,01/07/2020,West Ham United,Chelsea,3,2,2020
32,Premier League,Sheffield United vs Tottenham Hotspur,02/07/2020,Sheffield United,Tottenham Hotspur,3,1,2020
32,Premier League,Manchester City vs Liverpool,02/07/2020,Manchester City,Liverpool,4,0,2020
33,Premier League,Norwich City vs Brighton & Hove Albion,04/07/2020,Norwich City,Brighton & Hove Albion,0,1,2020
33,Premier League,Leicester City vs Crystal Palace,04/07/2020,Leicester City,Crystal Palace,3,0,2020
33,Premier League,Manchester United vs AFC Bournemouth,04/07/2020,Manchester United,AFC Bournemouth,5,2,2020
33,Premier League,Wolverhampton Wanderers vs Arsenal,04/07/2020,Wolverhampton Wanderers,Arsenal,0,2,2020
33,Premier League,Chelsea vs Watford,04/07/2020,Chelsea,Watford,3,0,2020
33,Premier League,Burnley vs Sheffield United,05/07/2020,Burnley,Sheffield United,1,1,2020
33,Premier League,Newcastle United vs West Ham United,05/07/2020,Newcastle United,West Ham United,2,2,2020
33,Premier League,Liverpool vs Aston Villa,05/07/2020,Liverpool,Aston Villa,2,0,2020
33,Premier League,Southampton vs Manchester City,05/07/2020,Southampton,Manchester City,1,0,2020
33,Premier League,Tottenham Hotspur vs Everton,06/07/2020,Tottenham Hotspur,Everton,1,0,2020
34,Premier League,Crystal Palace vs Chelsea,07/07/2020,Crystal Palace,Chelsea,2,3,2020
34,Premier League,Watford vs Norwich City,07/07/2020,Watford,Norwich City,2,1,2020
34,Premier League,Arsenal vs Leicester City,07/07/2020,Arsenal,Leicester City,1,1,2020
34,Premier League,Manchester City vs Newcastle United,08/07/2020,Manchester City,Newcastle United,5,0,2020
34,Premier League,Sheffield United vs Wolverhampton Wanderers,08/07/2020,Sheffield United,Wolverhampton Wanderers,1,0,2020
34,Premier League,West Ham United vs Burnley,08/07/2020,West Ham United,Burnley,0,1,2020
34,Premier League,Brighton & Hove Albion vs Liverpool,08/07/2020,Brighton & Hove Albion,Liverpool,1,3,2020
34,Premier League,AFC Bournemouth vs Tottenham Hotspur,09/07/2020,AFC Bournemouth,Tottenham Hotspur,0,0,2020
34,Premier League,Everton vs Southampton,09/07/2020,Everton,Southampton,1,1,2020
34,Premier League,Aston Villa vs Manchester United,09/07/2020,Aston Villa,Manchester United,0,3,2020
35,Premier League,Norwich City vs West Ham United,11/07/2020,Norwich City,West Ham United,0,4,2020
35,Premier League,Watford vs Newcastle United,11/07/2020,Watford,Newcastle United,2,1,2020
35,Premier League,Liverpool vs Burnley,11/07/2020,Liverpool,Burnley,1,1,2020
35,Premier League,Sheffield United vs Chelsea,11/07/2020,Sheffield United,Chelsea,3,0,2020
35,Premier League,Brighton & Hove Albion vs Manchester City,11/07/2020,Brighton & Hove Albion,Manchester City,0,5,2020
35,Premier League,Wolverhampton Wanderers vs Everton,12/07/2020,Wolverhampton Wanderers,Everton,3,0,2020
35,Premier League,Aston Villa vs Crystal Palace,12/07/2020,Aston Villa,Crystal Palace,2,0,2020
35,Premier League,Tottenham Hotspur vs Arsenal,12/07/2020,Tottenham Hotspur,Arsenal,2,1,2020
35,Premier League,AFC Bournemouth vs Leicester City,12/07/2020,AFC Bournemouth,Leicester City,4,1,2020
35,Premier League,Manchester United vs Southampton,13/07/2020,Manchester United,Southampton,2,2,2020
36,Premier League,Chelsea vs Norwich City,14/07/2020,Chelsea,Norwich City,1,0,2020
36,Premier League,Burnley vs Wolverhampton Wanderers,15/07/2020,Burnley,Wolverhampton Wanderers,1,1,2020
36,Premier League,Manchester City vs AFC Bournemouth,15/07/2020,Manchester City,AFC Bournemouth,2,1,2020
36,Premier League,Newcastle United vs Tottenham Hotspur,15/07/2020,Newcastle United,Tottenham Hotspur,1,3,2020
36,Premier League,Arsenal vs Liverpool,15/07/2020,Arsenal,Liverpool,2,1,2020
36,Premier League,Everton vs Aston Villa,16/07/2020,Everton,Aston Villa,1,1,2020
36,Premier League,Leicester City vs Sheffield United,16/07/2020,Leicester City,Sheffield United,2,0,2020
36,Premier League,Crystal Palace vs Manchester United,16/07/2020,Crystal Palace,Manchester United,0,2,2020
36,Premier League,Southampton vs Brighton & Hove Albion,16/07/2020,Southampton,Brighton & Hove Albion,1,1,2020
36,Premier League,West Ham United vs Watford,17/07/2020,West Ham United,Watford,3,1,2020
37,Premier League,Norwich City vs Burnley,18/07/2020,Norwich City,Burnley,0,2,2020
37,Premier League,AFC Bournemouth vs Southampton,19/07/2020,AFC Bournemouth,Southampton,0,2,2020
37,Premier League,Tottenham Hotspur vs Leicester City,19/07/2020,Tottenham Hotspur,Leicester City,3,0,2020
37,Premier League,Brighton & Hove Albion vs Newcastle United,20/07/2020,Brighton & Hove Albion,Newcastle United,0,0,2020
37,Premier League,Sheffield United vs Everton,20/07/2020,Sheffield United,Everton,0,1,2020
37,Premier League,Wolverhampton Wanderers vs Crystal Palace,20/07/2020,Wolverhampton Wanderers,Crystal Palace,2,0,2020
37,Premier League,Watford vs Manchester City,21/07/2020,Watford,Manchester City,0,4,2020
37,Premier League,Aston Villa vs Arsenal,21/07/2020,Aston Villa,Arsenal,1,0,2020
37,Premier League,Manchester United vs West Ham United,22/07/2020,Manchester United,West Ham United,1,1,2020
37,Premier League,Liverpool vs Chelsea,22/07/2020,Liverpool,Chelsea,5,3,2020
38,Premier League,Arsenal vs Watford,26/07/2020,Arsenal,Watford,3,2,2020
38,Premier League,Burnley vs Brighton & Hove Albion,26/07/2020,Burnley,Brighton & Hove Albion,1,2,2020
38,Premier League,Chelsea vs Wolverhampton Wanderers,26/07/2020,Chelsea,Wolverhampton Wanderers,2,0,2020
38,Premier League,Crystal Palace vs Tottenham Hotspur,26/07/2020,Crystal Palace,Tottenham Hotspur,1,1,2020
38,Premier League,Everton vs AFC Bournemouth,26/07/2020,Everton,AFC Bournemouth,1,3,2020
38,Premier League,Leicester City vs Manchester United,26/07/2020,Leicester City,Manchester United,0,2,2020
38,Premier League,Manchester City vs Norwich City,26/07/2020,Manchester City,Norwich City,5,0,2020
38,Premier League,Newcastle United vs Liverpool,26/07/2020,Newcastle United,Liverpool,1,3,2020
38,Premier League,Southampton vs Sheffield United,26/07/2020,Southampton,Sheffield United,3,1,2020
38,Premier League,West Ham United vs Aston Villa,26/07/2020,West Ham United,Aston Villa,1,1,2020
1,Premier League,Fulham vs Arsenal,12/09/2020,Fulham,Arsenal,0,3,2021
1,Premier League,Crystal Palace vs Southampton,12/09/2020,Crystal Palace,Southampton,1,0,2021
1,Premier League,Liverpool vs Leeds United,12/09/2020,Liverpool,Leeds United,4,3,2021
1,Premier League,West Ham United vs Newcastle United,12/09/2020,West Ham United,Newcastle United,0,2,2021
1,Premier League,West Brom vs Leicester City,13/09/2020,West Brom,Leicester City,0,3,2021
1,Premier League,Tottenham Hotspur vs Everton,13/09/2020,Tottenham Hotspur,Everton,0,1,2021
1,Premier League,Brighton & Hove Albion vs Chelsea,14/09/2020,Brighton & Hove Albion,Chelsea,1,3,2021
1,Premier League,Sheffield United vs Wolverhampton Wanderers,14/09/2020,Sheffield United,Wolverhampton Wanderers,0,2,2021
1,Premier League,Everton vs West Brom,19/09/2020,Everton,West Brom,5,2,2021
1,Premier League,Leeds United vs Fulham,19/09/2020,Leeds United,Fulham,4,3,2021
2,Premier League,Manchester United vs Crystal Palace,19/09/2020,Manchester United,Crystal Palace,1,3,2021
2,Premier League,Arsenal vs West Ham United,19/09/2020,Arsenal,West Ham United,2,1,2021
2,Premier League,Southampton vs Tottenham Hotspur,20/09/2020,Southampton,Tottenham Hotspur,2,5,2021
2,Premier League,Newcastle United vs Brighton & Hove Albion,20/09/2020,Newcastle United,Brighton & Hove Albion,0,3,2021
2,Premier League,Chelsea vs Liverpool,20/09/2020,Chelsea,Liverpool,0,2,2021
2,Premier League,Leicester City vs Burnley,20/09/2020,Leicester City,Burnley,4,2,2021
2,Premier League,Aston Villa vs Sheffield United,21/09/2020,Aston Villa,Sheffield United,1,0,2021
2,Premier League,Wolverhampton Wanderers vs Manchester City,21/09/2020,Wolverhampton Wanderers,Manchester City,1,3,2021
2,Premier League,Brighton & Hove Albion vs Manchester United,26/09/2020,Brighton & Hove Albion,Manchester United,2,3,2021
2,Premier League,Crystal Palace vs Everton,26/09/2020,Crystal Palace,Everton,1,2,2021
3,Premier League,West Brom vs Chelsea,26/09/2020,West Brom,Chelsea,3,3,2021
3,Premier League,Burnley vs Southampton,26/09/2020,Burnley,Southampton,0,1,2021
3,Premier League,Sheffield United vs Leeds United,27/09/2020,Sheffield United,Leeds United,0,1,2021
3,Premier League,Tottenham Hotspur vs Newcastle United,27/09/2020,Tottenham Hotspur,Newcastle United,1,1,2021
3,Premier League,Manchester City vs Leicester City,27/09/2020,Manchester City,Leicester City,2,5,2021
3,Premier League,West Ham United vs Wolverhampton Wanderers,27/09/2020,West Ham United,Wolverhampton Wanderers,4,0,2021
3,Premier League,Fulham vs Aston Villa,28/09/2020,Fulham,Aston Villa,0,3,2021
3,Premier League,Liverpool vs Arsenal,28/09/2020,Liverpool,Arsenal,3,1,2021
3,Premier League,Chelsea vs Crystal Palace,03/10/2020,Chelsea,Crystal Palace,4,0,2021
3,Premier League,Everton vs Brighton & Hove Albion,03/10/2020,Everton,Brighton & Hove Albion,4,2,2021
4,Premier League,Leeds United vs Manchester City,03/10/2020,Leeds United,Manchester City,1,1,2021
4,Premier League,Newcastle United vs Burnley,03/10/2020,Newcastle United,Burnley,3,1,2021
4,Premier League,Leicester City vs West Ham United,04/10/2020,Leicester City,West Ham United,0,3,2021
4,Premier League,Southampton vs West Brom,04/10/2020,Southampton,West Brom,2,0,2021
4,Premier League,Arsenal vs Sheffield United,04/10/2020,Arsenal,Sheffield United,2,1,2021
4,Premier League,Wolverhampton Wanderers vs Fulham,04/10/2020,Wolverhampton Wanderers,Fulham,1,0,2021
4,Premier League,Manchester United vs Tottenham Hotspur,04/10/2020,Manchester United,Tottenham Hotspur,1,6,2021
4,Premier League,Aston Villa vs Liverpool,04/10/2020,Aston Villa,Liverpool,7,2,2021
4,Premier League,Everton vs Liverpool,17/10/2020,Everton,Liverpool,2,2,2021
4,Premier League,Chelsea vs Southampton,17/10/2020,Chelsea,Southampton,3,3,2021
5,Premier League,Manchester City vs Arsenal,17/10/2020,Manchester City,Arsenal,1,0,2021
5,Premier League,Newcastle United vs Manchester United,17/10/2020,Newcastle United,Manchester United,1,4,2021
5,Premier League,Sheffield United vs Fulham,18/10/2020,Sheffield United,Fulham,1,1,2021
5,Premier League,Crystal Palace vs Brighton & Hove Albion,18/10/2020,Crystal Palace,Brighton & Hove Albion,1,1,2021
5,Premier League,Tottenham Hotspur vs West Ham United,18/10/2020,Tottenham Hotspur,West Ham United,3,3,2021
5,Premier League,Leicester City vs Aston Villa,18/10/2020,Leicester City,Aston Villa,0,1,2021
5,Premier League,West Brom vs Burnley,19/10/2020,West Brom,Burnley,0,0,2021
5,Premier League,Leeds United vs Wolverhampton Wanderers,19/10/2020,Leeds United,Wolverhampton Wanderers,0,1,2021
5,Premier League,Aston Villa vs Leeds United,23/10/2020,Aston Villa,Leeds United,0,3,2021
5,Premier League,West Ham United vs Manchester City,24/10/2020,West Ham United,Manchester City,1,1,2021
6,Premier League,Fulham vs Crystal Palace,24/10/2020,Fulham,Crystal Palace,1,2,2021
6,Premier League,Manchester United vs Chelsea,24/10/2020,Manchester United,Chelsea,0,0,2021
6,Premier League,Liverpool vs Sheffield United,24/10/2020,Liverpool,Sheffield United,2,1,2021
6,Premier League,Southampton vs Everton,25/10/2020,Southampton,Everton,2,0,2021
6,Premier League,Wolverhampton Wanderers vs Newcastle United,25/10/2020,Wolverhampton Wanderers,Newcastle United,1,1,2021
6,Premier League,Arsenal vs Leicester City,25/10/2020,Arsenal,Leicester City,0,1,2021
6,Premier League,Brighton & Hove Albion vs West Brom,26/10/2020,Brighton & Hove Albion,West Brom,1,1,2021
6,Premier League,Burnley vs Tottenham Hotspur,26/10/2020,Burnley,Tottenham Hotspur,0,1,2021
6,Premier League,Wolverhampton Wanderers vs Crystal Palace,30/10/2020,Wolverhampton Wanderers,Crystal Palace,2,0,2021
6,Premier League,Sheffield United vs Manchester City,31/10/2020,Sheffield United,Manchester City,0,1,2021
7,Premier League,Burnley vs Chelsea,31/10/2020,Burnley,Chelsea,0,3,2021
7,Premier League,Liverpool vs West Ham United,31/10/2020,Liverpool,West Ham United,2,1,2021
7,Premier League,Aston Villa vs Southampton,01/11/2020,Aston Villa,Southampton,3,4,2021
7,Premier League,Newcastle United vs Everton,01/11/2020,Newcastle United,Everton,2,1,2021
7,Premier League,Manchester United vs Arsenal,01/11/2020,Manchester United,Arsenal,0,1,2021
7,Premier League,Tottenham Hotspur vs Brighton & Hove Albion,01/11/2020,Tottenham Hotspur,Brighton & Hove Albion,2,1,2021
7,Premier League,Fulham vs West Brom,02/11/2020,Fulham,West Brom,2,0,2021
7,Premier League,Leeds United vs Leicester City,02/11/2020,Leeds United,Leicester City,1,4,2021
7,Premier League,Brighton & Hove Albion vs Burnley,06/11/2020,Brighton & Hove Albion,Burnley,0,0,2021
7,Premier League,Southampton vs Newcastle United,06/11/2020,Southampton,Newcastle United,2,0,2021
8,Premier League,Everton vs Manchester United,07/11/2020,Everton,Manchester United,1,3,2021
8,Premier League,Crystal Palace vs Leeds United,07/11/2020,Crystal Palace,Leeds United,4,1,2021
8,Premier League,Chelsea vs Sheffield United,07/11/2020,Chelsea,Sheffield United,4,1,2021
8,Premier League,West Ham United vs Fulham,07/11/2020,West Ham United,Fulham,1,0,2021
8,Premier League,West Brom vs Tottenham Hotspur,08/11/2020,West Brom,Tottenham Hotspur,0,1,2021
8,Premier League,Leicester City vs Wolverhampton Wanderers,08/11/2020,Leicester City,Wolverhampton Wanderers,1,0,2021
8,Premier League,Manchester City vs Liverpool,08/11/2020,Manchester City,Liverpool,1,1,2021
8,Premier League,Arsenal vs Aston Villa,08/11/2020,Arsenal,Aston Villa,0,3,2021
8,Premier League,Newcastle United vs Chelsea,21/11/2020,Newcastle United,Chelsea,0,2,2021
8,Premier League,Aston Villa vs Brighton & Hove Albion,21/11/2020,Aston Villa,Brighton & Hove Albion,1,2,2021
9,Premier League,Tottenham Hotspur vs Manchester City,21/11/2020,Tottenham Hotspur,Manchester City,2,0,2021
9,Premier League,Manchester United vs West Brom,21/11/2020,Manchester United,West Brom,1,0,2021
9,Premier League,Fulham vs Everton,22/11/2020,Fulham,Everton,2,3,2021
9,Premier League,Sheffield United vs West Ham United,22/11/2020,Sheffield United,West Ham United,0,1,2021
9,Premier League,Leeds United vs Arsenal,22/11/2020,Leeds United,Arsenal,0,0,2021
9,Premier League,Liverpool vs Leicester City,22/11/2020,Liverpool,Leicester City,3,0,2021
9,Premier League,Burnley vs Crystal Palace,23/11/2020,Burnley,Crystal Palace,1,0,2021
9,Premier League,Wolverhampton Wanderers vs Southampton,23/11/2020,Wolverhampton Wanderers,Southampton,1,1,2021
9,Premier League,Crystal Palace vs Newcastle United,27/11/2020,Crystal Palace,Newcastle United,0,2,2021
9,Premier League,Brighton & Hove Albion vs Liverpool,28/11/2020,Brighton & Hove Albion,Liverpool,1,1,2021
10,Premier League,Manchester City vs Burnley,28/11/2020,Manchester City,Burnley,5,0,2021
10,Premier League,Everton vs Leeds United,28/11/2020,Everton,Leeds United,0,1,2021
10,Premier League,West Brom vs Sheffield United,28/11/2020,West Brom,Sheffield United,1,0,2021
10,Premier League,Southampton vs Manchester United,29/11/2020,Southampton,Manchester United,2,3,2021
10,Premier League,Chelsea vs Tottenham Hotspur,29/11/2020,Chelsea,Tottenham Hotspur,0,0,2021
10,Premier League,Arsenal vs Wolverhampton Wanderers,29/11/2020,Arsenal,Wolverhampton Wanderers,1,2,2021
10,Premier League,Leicester City vs Fulham,30/11/2020,Leicester City,Fulham,1,2,2021
10,Premier League,West Ham United vs Aston Villa,30/11/2020,West Ham United,Aston Villa,2,1,2021
10,Premier League,Burnley vs Everton,05/12/2020,Burnley,Everton,1,1,2021
10,Premier League,Manchester City vs Fulham,05/12/2020,Manchester City,Fulham,2,0,2021
11,Premier League,West Ham United vs Manchester United,05/12/2020,West Ham United,Manchester United,1,3,2021
11,Premier League,Chelsea vs Leeds United,05/12/2020,Chelsea,Leeds United,3,1,2021
11,Premier League,West Brom vs Crystal Palace,06/12/2020,West Brom,Crystal Palace,1,5,2021
11,Premier League,Sheffield United vs Leicester City,06/12/2020,Sheffield United,Leicester City,1,2,2021
11,Premier League,Tottenham Hotspur vs Arsenal,06/12/2020,Tottenham Hotspur,Arsenal,2,0,2021
11,Premier League,Liverpool vs Wolverhampton Wanderers,06/12/2020,Liverpool,Wolverhampton Wanderers,4,0,2021
11,Premier League,Brighton & Hove Albion vs Southampton,07/12/2020,Brighton & Hove Albion,Southampton,1,2,2021
11,Premier League,Leeds United vs West Ham United,11/12/2020,Leeds United,West Ham United,1,2,2021
11,Premier League,Wolverhampton Wanderers vs Aston Villa,12/12/2020,Wolverhampton Wanderers,Aston Villa,0,1,2021
11,Premier League,Newcastle United vs West Brom,12/12/2020,Newcastle United,West Brom,2,1,2021
12,Premier League,Manchester United vs Manchester City,12/12/2020,Manchester United,Manchester City,0,0,2021
12,Premier League,Everton vs Chelsea,12/12/2020,Everton,Chelsea,1,0,2021
12,Premier League,Southampton vs Sheffield United,13/12/2020,Southampton,Sheffield United,3,0,2021
12,Premier League,Crystal Palace vs Tottenham Hotspur,13/12/2020,Crystal Palace,Tottenham Hotspur,1,1,2021
12,Premier League,Fulham vs Liverpool,13/12/2020,Fulham,Liverpool,1,1,2021
12,Premier League,Arsenal vs Burnley,13/12/2020,Arsenal,Burnley,0,1,2021
12,Premier League,Leicester City vs Brighton & Hove Albion,13/12/2020,Leicester City,Brighton & Hove Albion,3,0,2021
12,Premier League,Wolverhampton Wanderers vs Chelsea,15/12/2020,Wolverhampton Wanderers,Chelsea,2,1,2021
12,Premier League,Manchester City vs West Brom,15/12/2020,Manchester City,West Brom,1,1,2021
12,Premier League,Arsenal vs Southampton,16/12/2020,Arsenal,Southampton,1,1,2021
13,Premier League,Leeds United vs Newcastle United,16/12/2020,Leeds United,Newcastle United,5,2,2021
13,Premier League,Leicester City vs Everton,16/12/2020,Leicester City,Everton,0,2,2021
13,Premier League,Fulham vs Brighton & Hove Albion,16/12/2020,Fulham,Brighton & Hove Albion,0,0,2021
13,Premier League,Liverpool vs Tottenham Hotspur,16/12/2020,Liverpool,Tottenham Hotspur,2,1,2021
13,Premier League,West Ham United vs Crystal Palace,16/12/2020,West Ham United,Crystal Palace,1,1,2021
13,Premier League,Aston Villa vs Burnley,17/12/2020,Aston Villa,Burnley,0,0,2021
13,Premier League,Sheffield United vs Manchester United,17/12/2020,Sheffield United,Manchester United,2,3,2021
13,Premier League,Crystal Palace vs Liverpool,19/12/2020,Crystal Palace,Liverpool,0,7,2021
13,Premier League,Southampton vs Manchester City,19/12/2020,Southampton,Manchester City,0,1,2021
13,Premier League,Everton vs Arsenal,19/12/2020,Everton,Arsenal,2,1,2021
14,Premier League,Newcastle United vs Fulham,19/12/2020,Newcastle United,Fulham,1,1,2021
14,Premier League,Brighton & Hove Albion vs Sheffield United,20/12/2020,Brighton & Hove Albion,Sheffield United,1,1,2021
14,Premier League,Tottenham Hotspur vs Leicester City,20/12/2020,Tottenham Hotspur,Leicester City,0,2,2021
14,Premier League,Manchester United vs Leeds United,20/12/2020,Manchester United,Leeds United,6,2,2021
14,Premier League,West Brom vs Aston Villa,20/12/2020,West Brom,Aston Villa,0,3,2021
14,Premier League,Burnley vs Wolverhampton Wanderers,21/12/2020,Burnley,Wolverhampton Wanderers,2,1,2021
14,Premier League,Chelsea vs West Ham United,21/12/2020,Chelsea,West Ham United,3,0,2021
14,Premier League,Leicester City vs Manchester United,26/12/2020,Leicester City,Manchester United,2,2,2021
14,Premier League,Aston Villa vs Crystal Palace,26/12/2020,Aston Villa,Crystal Palace,3,0,2021
14,Premier League,Fulham vs Southampton,26/12/2020,Fulham,Southampton,0,0,2021
15,Premier League,Arsenal vs Chelsea,26/12/2020,Arsenal,Chelsea,3,1,2021
15,Premier League,Manchester City vs Newcastle United,26/12/2020,Manchester City,Newcastle United,2,0,2021
15,Premier League,Sheffield United vs Everton,26/12/2020,Sheffield United,Everton,0,1,2021
15,Premier League,Leeds United vs Burnley,27/12/2020,Leeds United,Burnley,1,0,2021
15,Premier League,West Ham United vs Brighton & Hove Albion,27/12/2020,West Ham United,Brighton & Hove Albion,2,2,2021
15,Premier League,Liverpool vs West Brom,27/12/2020,Liverpool,West Brom,1,1,2021
15,Premier League,Wolverhampton Wanderers vs Tottenham Hotspur,27/12/2020,Wolverhampton Wanderers,Tottenham Hotspur,1,1,2021
15,Premier League,Crystal Palace vs Leicester City,28/12/2020,Crystal Palace,Leicester City,1,1,2021
15,Premier League,Chelsea vs Aston Villa,28/12/2020,Chelsea,Aston Villa,1,1,2021
15,Premier League,Brighton & Hove Albion vs Arsenal,29/12/2020,Brighton & Hove Albion,Arsenal,0,1,2021
16,Premier League,Burnley vs Sheffield United,29/12/2020,Burnley,Sheffield United,1,0,2021
16,Premier League,Southampton vs West Ham United,29/12/2020,Southampton,West Ham United,0,0,2021
16,Premier League,West Brom vs Leeds United,29/12/2020,West Brom,Leeds United,0,5,2021
16,Premier League,Manchester United vs Wolverhampton Wanderers,29/12/2020,Manchester United,Wolverhampton Wanderers,1,0,2021
16,Premier League,Newcastle United vs Liverpool,30/12/2020,Newcastle United,Liverpool,0,0,2021
16,Premier League,Everton vs West Ham United,01/01/2021,Everton,West Ham United,0,1,2021
16,Premier League,Manchester United vs Aston Villa,01/01/2021,Manchester United,Aston Villa,2,1,2021
16,Premier League,Tottenham Hotspur vs Leeds United,02/01/2021,Tottenham Hotspur,Leeds United,3,0,2021
16,Premier League,Crystal Palace vs Sheffield United,02/01/2021,Crystal Palace,Sheffield United,2,0,2021
16,Premier League,Brighton & Hove Albion vs Wolverhampton Wanderers,02/01/2021,Brighton & Hove Albion,Wolverhampton Wanderers,3,3,2021
17,Premier League,West Brom vs Arsenal,02/01/2021,West Brom,Arsenal,0,4,2021
17,Premier League,Newcastle United vs Leicester City,03/01/2021,Newcastle United,Leicester City,1,2,2021
17,Premier League,Chelsea vs Manchester City,03/01/2021,Chelsea,Manchester City,1,3,2021
17,Premier League,Southampton vs Liverpool,04/01/2021,Southampton,Liverpool,1,0,2021
17,Premier League,Sheffield United vs Newcastle United,12/01/2021,Sheffield United,Newcastle United,1,0,2021
17,Premier League,Burnley vs Manchester United,12/01/2021,Burnley,Manchester United,0,1,2021
17,Premier League,Wolverhampton Wanderers vs Everton,12/01/2021,Wolverhampton Wanderers,Everton,1,2,2021
17,Premier League,Manchester City vs Brighton & Hove Albion,13/01/2021,Manchester City,Brighton & Hove Albion,1,0,2021
17,Premier League,Tottenham Hotspur vs Fulham,13/01/2021,Tottenham Hotspur,Fulham,1,1,2021
17,Premier League,Arsenal vs Crystal Palace,14/01/2021,Arsenal,Crystal Palace,0,0,2021
18,Premier League,Wolverhampton Wanderers vs West Brom,16/01/2021,Wolverhampton Wanderers,West Brom,2,3,2021
18,Premier League,Leeds United vs Brighton & Hove Albion,16/01/2021,Leeds United,Brighton & Hove Albion,0,1,2021
18,Premier League,West Ham United vs Burnley,16/01/2021,West Ham United,Burnley,1,0,2021
18,Premier League,Fulham vs Chelsea,16/01/2021,Fulham,Chelsea,0,1,2021
18,Premier League,Leicester City vs Southampton,16/01/2021,Leicester City,Southampton,2,0,2021
18,Premier League,Sheffield United vs Tottenham Hotspur,17/01/2021,Sheffield United,Tottenham Hotspur,1,3,2021
18,Premier League,Liverpool vs Manchester United,17/01/2021,Liverpool,Manchester United,0,0,2021
18,Premier League,Manchester City vs Crystal Palace,17/01/2021,Manchester City,Crystal Palace,4,0,2021
18,Premier League,Arsenal vs Newcastle United,18/01/2021,Arsenal,Newcastle United,3,0,2021
18,Premier League,West Ham United vs West Brom,19/01/2021,West Ham United,West Brom,2,1,2021
19,Premier League,Leicester City vs Chelsea,19/01/2021,Leicester City,Chelsea,2,0,2021
19,Premier League,Manchester City vs Aston Villa,20/01/2021,Manchester City,Aston Villa,2,0,2021
19,Premier League,Fulham vs Manchester United,20/01/2021,Fulham,Manchester United,1,2,2021
19,Premier League,Liverpool vs Burnley,21/01/2021,Liverpool,Burnley,0,1,2021
19,Premier League,Aston Villa vs Newcastle United,23/01/2021,Aston Villa,Newcastle United,2,0,2021
19,Premier League,Crystal Palace vs West Ham United,26/01/2021,Crystal Palace,West Ham United,2,3,2021
19,Premier League,Newcastle United vs Leeds United,26/01/2021,Newcastle United,Leeds United,1,2,2021
19,Premier League,Southampton vs Arsenal,26/01/2021,Southampton,Arsenal,1,3,2021
19,Premier League,West Brom vs Manchester City,26/01/2021,West Brom,Manchester City,0,5,2021
19,Premier League,Burnley vs Aston Villa,27/01/2021,Burnley,Aston Villa,3,2,2021
20,Premier League,Chelsea vs Wolverhampton Wanderers,27/01/2021,Chelsea,Wolverhampton Wanderers,0,0,2021
20,Premier League,Brighton & Hove Albion vs Fulham,27/01/2021,Brighton & Hove Albion,Fulham,0,0,2021
20,Premier League,Everton vs Leicester City,27/01/2021,Everton,Leicester City,1,1,2021
20,Premier League,Manchester United vs Sheffield United,27/01/2021,Manchester United,Sheffield United,1,2,2021
20,Premier League,Tottenham Hotspur vs Liverpool,28/01/2021,Tottenham Hotspur,Liverpool,1,3,2021
20,Premier League,Everton vs Newcastle United,30/01/2021,Everton,Newcastle United,0,2,2021
20,Premier League,Crystal Palace vs Wolverhampton Wanderers,30/01/2021,Crystal Palace,Wolverhampton Wanderers,1,0,2021
20,Premier League,Manchester City vs Sheffield United,30/01/2021,Manchester City,Sheffield United,1,0,2021
20,Premier League,West Brom vs Fulham,30/01/2021,West Brom,Fulham,2,2,2021
20,Premier League,Arsenal vs Manchester United,30/01/2021,Arsenal,Manchester United,0,0,2021
21,Premier League,Southampton vs Aston Villa,30/01/2021,Southampton,Aston Villa,0,1,2021
21,Premier League,Chelsea vs Burnley,31/01/2021,Chelsea,Burnley,2,0,2021
21,Premier League,Leicester City vs Leeds United,31/01/2021,Leicester City,Leeds United,1,3,2021
21,Premier League,West Ham United vs Liverpool,31/01/2021,West Ham United,Liverpool,1,3,2021
21,Premier League,Brighton & Hove Albion vs Tottenham Hotspur,31/01/2021,Brighton & Hove Albion,Tottenham Hotspur,1,0,2021
21,Premier League,Sheffield United vs West Brom,02/02/2021,Sheffield United,West Brom,2,1,2021
21,Premier League,Wolverhampton Wanderers vs Arsenal,02/02/2021,Wolverhampton Wanderers,Arsenal,2,1,2021
21,Premier League,Manchester United vs Southampton,02/02/2021,Manchester United,Southampton,9,0,2021
21,Premier League,Newcastle United vs Crystal Palace,02/02/2021,Newcastle United,Crystal Palace,1,2,2021
21,Premier League,Burnley vs Manchester City,03/02/2021,Burnley,Manchester City,0,2,2021
22,Premier League,Fulham vs Leicester City,03/02/2021,Fulham,Leicester City,0,2,2021
22,Premier League,Leeds United vs Everton,03/02/2021,Leeds United,Everton,1,2,2021
22,Premier League,Aston Villa vs West Ham United,03/02/2021,Aston Villa,West Ham United,1,3,2021
22,Premier League,Liverpool vs Brighton & Hove Albion,03/02/2021,Liverpool,Brighton & Hove Albion,0,1,2021
22,Premier League,Tottenham Hotspur vs Chelsea,04/02/2021,Tottenham Hotspur,Chelsea,0,1,2021
22,Premier League,Aston Villa vs Arsenal,06/02/2021,Aston Villa,Arsenal,1,0,2021
22,Premier League,Burnley vs Brighton & Hove Albion,06/02/2021,Burnley,Brighton & Hove Albion,1,1,2021
22,Premier League,Newcastle United vs Southampton,06/02/2021,Newcastle United,Southampton,3,2,2021
22,Premier League,Fulham vs West Ham United,06/02/2021,Fulham,West Ham United,0,0,2021
22,Premier League,Manchester United vs Everton,06/02/2021,Manchester United,Everton,3,3,2021
23,Premier League,Tottenham Hotspur vs West Brom,07/02/2021,Tottenham Hotspur,West Brom,2,0,2021
23,Premier League,Wolverhampton Wanderers vs Leicester City,07/02/2021,Wolverhampton Wanderers,Leicester City,0,0,2021
23,Premier League,Liverpool vs Manchester City,07/02/2021,Liverpool,Manchester City,1,4,2021
23,Premier League,Sheffield United vs Chelsea,07/02/2021,Sheffield United,Chelsea,1,2,2021
23,Premier League,Leeds United vs Crystal Palace,08/02/2021,Leeds United,Crystal Palace,2,0,2021
23,Premier League,Leicester City vs Liverpool,13/02/2021,Leicester City,Liverpool,3,1,2021
23,Premier League,Crystal Palace vs Burnley,13/02/2021,Crystal Palace,Burnley,0,3,2021
23,Premier League,Manchester City vs Tottenham Hotspur,13/02/2021,Manchester City,Tottenham Hotspur,3,0,2021
23,Premier League,Brighton & Hove Albion vs Aston Villa,13/02/2021,Brighton & Hove Albion,Aston Villa,0,0,2021
23,Premier League,Southampton vs Wolverhampton Wanderers,14/02/2021,Southampton,Wolverhampton Wanderers,1,2,2021
24,Premier League,West Brom vs Manchester United,14/02/2021,West Brom,Manchester United,1,1,2021
24,Premier League,Arsenal vs Leeds United,14/02/2021,Arsenal,Leeds United,4,2,2021
24,Premier League,Everton vs Fulham,14/02/2021,Everton,Fulham,0,2,2021
24,Premier League,West Ham United vs Sheffield United,15/02/2021,West Ham United,Sheffield United,3,0,2021
24,Premier League,Chelsea vs Newcastle United,15/02/2021,Chelsea,Newcastle United,2,0,2021
24,Premier League,Burnley vs Fulham,17/02/2021,Burnley,Fulham,1,1,2021
24,Premier League,Everton vs Manchester City,17/02/2021,Everton,Manchester City,1,3,2021
24,Premier League,Wolverhampton Wanderers vs Leeds United,19/02/2021,Wolverhampton Wanderers,Leeds United,1,0,2021
24,Premier League,Southampton vs Chelsea,20/02/2021,Southampton,Chelsea,1,1,2021
24,Premier League,Burnley vs West Brom,20/02/2021,Burnley,West Brom,0,0,2021
25,Premier League,Liverpool vs Everton,20/02/2021,Liverpool,Everton,0,2,2021
25,Premier League,Fulham vs Sheffield United,20/02/2021,Fulham,Sheffield United,1,0,2021
25,Premier League,West Ham United vs Tottenham Hotspur,21/02/2021,West Ham United,Tottenham Hotspur,2,1,2021
25,Premier League,Aston Villa vs Leicester City,21/02/2021,Aston Villa,Leicester City,1,2,2021
25,Premier League,Arsenal vs Manchester City,21/02/2021,Arsenal,Manchester City,0,1,2021
25,Premier League,Manchester United vs Newcastle United,21/02/2021,Manchester United,Newcastle United,3,1,2021
25,Premier League,Brighton & Hove Albion vs Crystal Palace,22/02/2021,Brighton & Hove Albion,Crystal Palace,1,2,2021
25,Premier League,Leeds United vs Southampton,23/02/2021,Leeds United,Southampton,3,0,2021
25,Premier League,Manchester City vs West Ham United,27/02/2021,Manchester City,West Ham United,2,1,2021
25,Premier League,West Brom vs Brighton & Hove Albion,27/02/2021,West Brom,Brighton & Hove Albion,1,0,2021
26,Premier League,Leeds United vs Aston Villa,27/02/2021,Leeds United,Aston Villa,0,1,2021
26,Premier League,Newcastle United vs Wolverhampton Wanderers,27/02/2021,Newcastle United,Wolverhampton Wanderers,1,1,2021
26,Premier League,Crystal Palace vs Fulham,28/02/2021,Crystal Palace,Fulham,0,0,2021
26,Premier League,Leicester City vs Arsenal,28/02/2021,Leicester City,Arsenal,1,3,2021
26,Premier League,Tottenham Hotspur vs Burnley,28/02/2021,Tottenham Hotspur,Burnley,4,0,2021
26,Premier League,Chelsea vs Manchester United,28/02/2021,Chelsea,Manchester United,0,0,2021
26,Premier League,Sheffield United vs Liverpool,28/02/2021,Sheffield United,Liverpool,0,2,2021
26,Premier League,Everton vs Southampton,01/03/2021,Everton,Southampton,1,0,2021
26,Premier League,Manchester City vs Wolverhampton Wanderers,02/03/2021,Manchester City,Wolverhampton Wanderers,4,1,2021
26,Premier League,Burnley vs Leicester City,03/03/2021,Burnley,Leicester City,1,1,2021
27,Premier League,Sheffield United vs Aston Villa,03/03/2021,Sheffield United,Aston Villa,1,0,2021
27,Premier League,Crystal Palace vs Manchester United,03/03/2021,Crystal Palace,Manchester United,0,0,2021
27,Premier League,Fulham vs Tottenham Hotspur,04/03/2021,Fulham,Tottenham Hotspur,0,1,2021
27,Premier League,West Brom vs Everton,04/03/2021,West Brom,Everton,0,1,2021
27,Premier League,Liverpool vs Chelsea,04/03/2021,Liverpool,Chelsea,0,1,2021
27,Premier League,Burnley vs Arsenal,06/03/2021,Burnley,Arsenal,1,1,2021
27,Premier League,Sheffield United vs Southampton,06/03/2021,Sheffield United,Southampton,0,2,2021
27,Premier League,Aston Villa vs Wolverhampton Wanderers,06/03/2021,Aston Villa,Wolverhampton Wanderers,0,0,2021
27,Premier League,Brighton & Hove Albion vs Leicester City,06/03/2021,Brighton & Hove Albion,Leicester City,1,2,2021
27,Premier League,West Brom vs Newcastle United,07/03/2021,West Brom,Newcastle United,0,0,2021
28,Premier League,Liverpool vs Fulham,07/03/2021,Liverpool,Fulham,0,1,2021
28,Premier League,Manchester City vs Manchester United,07/03/2021,Manchester City,Manchester United,0,2,2021
28,Premier League,Tottenham Hotspur vs Crystal Palace,07/03/2021,Tottenham Hotspur,Crystal Palace,4,1,2021
28,Premier League,Chelsea vs Everton,08/03/2021,Chelsea,Everton,2,0,2021
28,Premier League,West Ham United vs Leeds United,08/03/2021,West Ham United,Leeds United,2,0,2021
28,Premier League,Manchester City vs Southampton,10/03/2021,Manchester City,Southampton,5,2,2021
28,Premier League,Newcastle United vs Aston Villa,12/03/2021,Newcastle United,Aston Villa,1,1,2021
28,Premier League,Leeds United vs Chelsea,13/03/2021,Leeds United,Chelsea,0,0,2021
28,Premier League,Crystal Palace vs West Brom,13/03/2021,Crystal Palace,West Brom,1,0,2021
28,Premier League,Everton vs Burnley,13/03/2021,Everton,Burnley,1,2,2021
29,Premier League,Fulham vs Manchester City,13/03/2021,Fulham,Manchester City,0,3,2021
29,Premier League,Southampton vs Brighton & Hove Albion,14/03/2021,Southampton,Brighton & Hove Albion,1,2,2021
29,Premier League,Leicester City vs Sheffield United,14/03/2021,Leicester City,Sheffield United,5,0,2021
29,Premier League,Arsenal vs Tottenham Hotspur,14/03/2021,Arsenal,Tottenham Hotspur,2,1,2021
29,Premier League,Manchester United vs West Ham United,14/03/2021,Manchester United,West Ham United,1,0,2021
29,Premier League,Wolverhampton Wanderers vs Liverpool,15/03/2021,Wolverhampton Wanderers,Liverpool,0,1,2021
29,Premier League,Fulham vs Leeds United,19/03/2021,Fulham,Leeds United,1,2,2021
29,Premier League,Brighton & Hove Albion vs Newcastle United,20/03/2021,Brighton & Hove Albion,Newcastle United,3,0,2021
29,Premier League,West Ham United vs Arsenal,21/03/2021,West Ham United,Arsenal,3,3,2021
29,Premier League,Aston Villa vs Tottenham Hotspur,21/03/2021,Aston Villa,Tottenham Hotspur,0,2,2021
30,Premier League,Chelsea vs West Brom,03/04/2021,Chelsea,West Brom,2,5,2021
30,Premier League,Leeds United vs Sheffield United,03/04/2021,Leeds United,Sheffield United,2,1,2021
30,Premier League,Leicester City vs Manchester City,03/04/2021,Leicester City,Manchester City,0,2,2021
30,Premier League,Arsenal vs Liverpool,03/04/2021,Arsenal,Liverpool,0,3,2021
30,Premier League,Southampton vs Burnley,04/04/2021,Southampton,Burnley,3,2,2021
30,Premier League,Newcastle United vs Tottenham Hotspur,04/04/2021,Newcastle United,Tottenham Hotspur,2,2,2021
30,Premier League,Aston Villa vs Fulham,04/04/2021,Aston Villa,Fulham,3,1,2021
30,Premier League,Manchester United vs Brighton & Hove Albion,04/04/2021,Manchester United,Brighton & Hove Albion,2,1,2021
30,Premier League,Everton vs Crystal Palace,05/04/2021,Everton,Crystal Palace,1,1,2021
30,Premier League,Wolverhampton Wanderers vs West Ham United,05/04/2021,Wolverhampton Wanderers,West Ham United,2,3,2021
31,Premier League,Fulham vs Wolverhampton Wanderers,09/04/2021,Fulham,Wolverhampton Wanderers,0,1,2021
31,Premier League,Manchester City vs Leeds United,10/04/2021,Manchester City,Leeds United,1,2,2021
31,Premier League,Liverpool vs Aston Villa,10/04/2021,Liverpool,Aston Villa,2,1,2021
31,Premier League,Crystal Palace vs Chelsea,10/04/2021,Crystal Palace,Chelsea,1,4,2021
31,Premier League,Burnley vs Newcastle United,11/04/2021,Burnley,Newcastle United,1,2,2021
31,Premier League,West Ham United vs Leicester City,11/04/2021,West Ham United,Leicester City,3,2,2021
31,Premier League,Tottenham Hotspur vs Manchester United,11/04/2021,Tottenham Hotspur,Manchester United,1,3,2021
31,Premier League,Sheffield United vs Arsenal,11/04/2021,Sheffield United,Arsenal,0,3,2021
31,Premier League,West Brom vs Southampton,12/04/2021,West Brom,Southampton,3,0,2021
31,Premier League,Brighton & Hove Albion vs Everton,12/04/2021,Brighton & Hove Albion,Everton,0,0,2021
32,Premier League,Everton vs Tottenham Hotspur,16/04/2021,Everton,Tottenham Hotspur,2,2,2021
32,Premier League,Newcastle United vs West Ham United,17/04/2021,Newcastle United,West Ham United,3,2,2021
32,Premier League,Wolverhampton Wanderers vs Sheffield United,17/04/2021,Wolverhampton Wanderers,Sheffield United,1,0,2021
32,Premier League,Arsenal vs Fulham,18/04/2021,Arsenal,Fulham,1,1,2021
32,Premier League,Manchester United vs Burnley,18/04/2021,Manchester United,Burnley,3,1,2021
32,Premier League,Leeds United vs Liverpool,19/04/2021,Leeds United,Liverpool,1,1,2021
32,Premier League,Chelsea vs Brighton & Hove Albion,20/04/2021,Chelsea,Brighton & Hove Albion,0,0,2021
32,Premier League,Tottenham Hotspur vs Southampton,21/04/2021,Tottenham Hotspur,Southampton,2,1,2021
32,Premier League,Aston Villa vs Manchester City,21/04/2021,Aston Villa,Manchester City,1,2,2021
32,Premier League,Leicester City vs West Brom,22/04/2021,Leicester City,West Brom,3,0,2021
33,Premier League,Arsenal vs Everton,23/04/2021,Arsenal,Everton,0,1,2021
33,Premier League,Liverpool vs Newcastle United,24/04/2021,Liverpool,Newcastle United,1,1,2021
33,Premier League,West Ham United vs Chelsea,24/04/2021,West Ham United,Chelsea,0,1,2021
33,Premier League,Sheffield United vs Brighton & Hove Albion,24/04/2021,Sheffield United,Brighton & Hove Albion,1,0,2021
33,Premier League,Wolverhampton Wanderers vs Burnley,25/04/2021,Wolverhampton Wanderers,Burnley,0,4,2021
33,Premier League,Leeds United vs Manchester United,25/04/2021,Leeds United,Manchester United,0,0,2021
33,Premier League,Aston Villa vs West Brom,25/04/2021,Aston Villa,West Brom,2,2,2021
33,Premier League,Leicester City vs Crystal Palace,26/04/2021,Leicester City,Crystal Palace,2,1,2021
33,Premier League,Southampton vs Leicester City,30/04/2021,Southampton,Leicester City,1,1,2021
33,Premier League,Crystal Palace vs Manchester City,01/05/2021,Crystal Palace,Manchester City,0,2,2021
34,Premier League,Brighton & Hove Albion vs Leeds United,01/05/2021,Brighton & Hove Albion,Leeds United,2,0,2021
34,Premier League,Chelsea vs Fulham,01/05/2021,Chelsea,Fulham,2,0,2021
34,Premier League,Everton vs Aston Villa,01/05/2021,Everton,Aston Villa,1,2,2021
34,Premier League,Newcastle United vs Arsenal,02/05/2021,Newcastle United,Arsenal,0,2,2021
34,Premier League,Tottenham Hotspur vs Sheffield United,02/05/2021,Tottenham Hotspur,Sheffield United,4,0,2021
34,Premier League,West Brom vs Wolverhampton Wanderers,03/05/2021,West Brom,Wolverhampton Wanderers,1,1,2021
34,Premier League,Burnley vs West Ham United,03/05/2021,Burnley,West Ham United,1,2,2021
34,Premier League,Leicester City vs Newcastle United,07/05/2021,Leicester City,Newcastle United,2,4,2021
34,Premier League,Leeds United vs Tottenham Hotspur,08/05/2021,Leeds United,Tottenham Hotspur,3,1,2021
34,Premier League,Sheffield United vs Crystal Palace,08/05/2021,Sheffield United,Crystal Palace,0,2,2021
35,Premier League,Manchester City vs Chelsea,08/05/2021,Manchester City,Chelsea,1,2,2021
35,Premier League,Liverpool vs Southampton,08/05/2021,Liverpool,Southampton,2,0,2021
35,Premier League,Wolverhampton Wanderers vs Brighton & Hove Albion,09/05/2021,Wolverhampton Wanderers,Brighton & Hove Albion,2,1,2021
35,Premier League,Aston Villa vs Manchester United,09/05/2021,Aston Villa,Manchester United,1,3,2021
35,Premier League,West Ham United vs Everton,09/05/2021,West Ham United,Everton,0,1,2021
35,Premier League,Arsenal vs West Brom,09/05/2021,Arsenal,West Brom,3,1,2021
35,Premier League,Fulham vs Burnley,10/05/2021,Fulham,Burnley,0,2,2021
35,Premier League,Manchester United vs Leicester City,11/05/2021,Manchester United,Leicester City,1,2,2021
35,Premier League,Southampton vs Crystal Palace,11/05/2021,Southampton,Crystal Palace,3,1,2021
35,Premier League,Chelsea vs Arsenal,12/05/2021,Chelsea,Arsenal,0,1,2021
36,Premier League,Aston Villa vs Everton,13/05/2021,Aston Villa,Everton,0,0,2021
36,Premier League,Manchester United vs Liverpool,13/05/2021,Manchester United,Liverpool,2,4,2021
36,Premier League,Newcastle United vs Manchester City,14/05/2021,Newcastle United,Manchester City,3,4,2021
36,Premier League,Burnley vs Leeds United,15/05/2021,Burnley,Leeds United,0,4,2021
36,Premier League,Southampton vs Fulham,15/05/2021,Southampton,Fulham,3,1,2021
36,Premier League,Brighton & Hove Albion vs West Ham United,15/05/2021,Brighton & Hove Albion,West Ham United,1,1,2021
36,Premier League,Crystal Palace vs Aston Villa,16/05/2021,Crystal Palace,Aston Villa,3,2,2021
36,Premier League,Tottenham Hotspur vs Wolverhampton Wanderers,16/05/2021,Tottenham Hotspur,Wolverhampton Wanderers,2,0,2021
36,Premier League,West Brom vs Liverpool,16/05/2021,West Brom,Liverpool,1,2,2021
36,Premier League,Everton vs Sheffield United,16/05/2021,Everton,Sheffield United,0,1,2021
37,Premier League,Manchester United vs Fulham,18/05/2021,Manchester United,Fulham,1,1,2021
37,Premier League,Southampton vs Leeds United,18/05/2021,Southampton,Leeds United,0,2,2021
37,Premier League,Brighton & Hove Albion vs Manchester City,18/05/2021,Brighton & Hove Albion,Manchester City,3,2,2021
37,Premier League,Chelsea vs Leicester City,18/05/2021,Chelsea,Leicester City,2,1,2021
37,Premier League,Everton vs Wolverhampton Wanderers,19/05/2021,Everton,Wolverhampton Wanderers,1,0,2021
37,Premier League,Newcastle United vs Sheffield United,19/05/2021,Newcastle United,Sheffield United,1,0,2021
37,Premier League,Tottenham Hotspur vs Aston Villa,19/05/2021,Tottenham Hotspur,Aston Villa,1,2,2021
37,Premier League,Crystal Palace vs Arsenal,19/05/2021,Crystal Palace,Arsenal,1,3,2021
37,Premier League,Burnley vs Liverpool,19/05/2021,Burnley,Liverpool,0,3,2021
37,Premier League,West Brom vs West Ham United,19/05/2021,West Brom,West Ham United,1,3,2021
38,Premier League,Arsenal vs Brighton & Hove Albion,23/05/2021,Arsenal,Brighton & Hove Albion,2,0,2021
38,Premier League,Aston Villa vs Chelsea,23/05/2021,Aston Villa,Chelsea,2,1,2021
38,Premier League,Fulham vs Newcastle United,23/05/2021,Fulham,Newcastle United,0,2,2021
38,Premier League,Leeds United vs West Brom,23/05/2021,Leeds United,West Brom,3,1,2021
38,Premier League,Leicester City vs Tottenham Hotspur,23/05/2021,Leicester City,Tottenham Hotspur,2,4,2021
38,Premier League,Liverpool vs Crystal Palace,23/05/2021,Liverpool,Crystal Palace,2,0,2021
38,Premier League,Manchester City vs Everton,23/05/2021,Manchester City,Everton,5,0,2021
38,Premier League,Sheffield United vs Burnley,23/05/2021,Sheffield United,Burnley,1,0,2021
38,Premier League,West Ham United vs Southampton,23/05/2021,West Ham United,Southampton,3,0,2021
38,Premier League,Wolverhampton Wanderers vs Manchester United,23/05/2021,Wolverhampton Wanderers,Manchester United,1,2,2021
1,Premier League,Brentford vs Arsenal,13/08/2021,Brentford,Arsenal,2,0,2022
1,Premier League,Manchester United vs Leeds United,14/08/2021,Manchester United,Leeds United,5,1,2022
1,Premier League,Burnley vs Brighton & Hove Albion,14/08/2021,Burnley,Brighton & Hove Albion,1,2,2022
1,Premier League,Chelsea vs Crystal Palace,14/08/2021,Chelsea,Crystal Palace,3,0,2022
1,Premier League,Everton vs Southampton,14/08/2021,Everton,Southampton,3,1,2022
1,Premier League,Leicester City vs Wolverhampton Wanderers,14/08/2021,Leicester City,Wolverhampton Wanderers,1,0,2022
1,Premier League,Watford vs Aston Villa,14/08/2021,Watford,Aston Villa,3,2,2022
1,Premier League,Norwich City vs Liverpool,14/08/2021,Norwich City,Liverpool,0,3,2022
1,Premier League,Newcastle United vs West Ham United,15/08/2021,Newcastle United,West Ham United,2,4,2022
1,Premier League,Tottenham Hotspur vs Manchester City,15/08/2021,Tottenham Hotspur,Manchester City,1,0,2022
2,Premier League,Liverpool vs Burnley,21/08/2021,Liverpool,Burnley,2,0,2022
2,Premier League,Aston Villa vs Newcastle United,21/08/2021,Aston Villa,Newcastle United,2,0,2022
2,Premier League,Crystal Palace vs Brentford,21/08/2021,Crystal Palace,Brentford,0,0,2022
2,Premier League,Leeds United vs Everton,21/08/2021,Leeds United,Everton,2,2,2022
2,Premier League,Manchester City vs Norwich City,21/08/2021,Manchester City,Norwich City,5,0,2022
2,Premier League,Brighton & Hove Albion vs Watford,21/08/2021,Brighton & Hove Albion,Watford,2,0,2022
2,Premier League,Southampton vs Manchester United,22/08/2021,Southampton,Manchester United,1,1,2022
2,Premier League,Wolverhampton Wanderers vs Tottenham Hotspur,22/08/2021,Wolverhampton Wanderers,Tottenham Hotspur,0,1,2022
2,Premier League,Arsenal vs Chelsea,22/08/2021,Arsenal,Chelsea,0,2,2022
2,Premier League,West Ham United vs Leicester City,23/08/2021,West Ham United,Leicester City,4,1,2022
3,Premier League,Manchester City vs Arsenal,28/08/2021,Manchester City,Arsenal,5,0,2022
3,Premier League,Aston Villa vs Brentford,28/08/2021,Aston Villa,Brentford,1,1,2022
3,Premier League,Brighton & Hove Albion vs Everton,28/08/2021,Brighton & Hove Albion,Everton,0,2,2022
3,Premier League,Newcastle United vs Southampton,28/08/2021,Newcastle United,Southampton,2,2,2022
3,Premier League,Norwich City vs Leicester City,28/08/2021,Norwich City,Leicester City,1,2,2022
3,Premier League,West Ham United vs Crystal Palace,28/08/2021,West Ham United,Crystal Palace,2,2,2022
3,Premier League,Liverpool vs Chelsea,28/08/2021,Liverpool,Chelsea,1,1,2022
3,Premier League,Burnley vs Leeds United,29/08/2021,Burnley,Leeds United,1,1,2022
3,Premier League,Tottenham Hotspur vs Watford,29/08/2021,Tottenham Hotspur,Watford,1,0,2022
3,Premier League,Wolverhampton Wanderers vs Manchester United,29/08/2021,Wolverhampton Wanderers,Manchester United,0,1,2022
4,Premier League,Crystal Palace vs Tottenham Hotspur,11/09/2021,Crystal Palace,Tottenham Hotspur,3,0,2022
4,Premier League,Arsenal vs Norwich City,11/09/2021,Arsenal,Norwich City,1,0,2022
4,Premier League,Brentford vs Brighton & Hove Albion,11/09/2021,Brentford,Brighton & Hove Albion,0,1,2022
4,Premier League,Leicester City vs Manchester City,11/09/2021,Leicester City,Manchester City,0,1,2022
4,Premier League,Manchester United vs Newcastle United,11/09/2021,Manchester United,Newcastle United,4,1,2022
4,Premier League,Southampton vs West Ham United,11/09/2021,Southampton,West Ham United,0,0,2022
4,Premier League,Watford vs Wolverhampton Wanderers,11/09/2021,Watford,Wolverhampton Wanderers,0,2,2022
4,Premier League,Chelsea vs Aston Villa,11/09/2021,Chelsea,Aston Villa,3,0,2022
4,Premier League,Leeds United vs Liverpool,12/09/2021,Leeds United,Liverpool,0,3,2022
4,Premier League,Everton vs Burnley,13/09/2021,Everton,Burnley,3,1,2022
5,Premier League,Newcastle United vs Leeds United,17/09/2021,Newcastle United,Leeds United,1,1,2022
5,Premier League,Wolverhampton Wanderers vs Brentford,18/09/2021,Wolverhampton Wanderers,Brentford,0,2,2022
5,Premier League,Burnley vs Arsenal,18/09/2021,Burnley,Arsenal,0,1,2022
5,Premier League,Liverpool vs Crystal Palace,18/09/2021,Liverpool,Crystal Palace,3,0,2022
5,Premier League,Manchester City vs Southampton,18/09/2021,Manchester City,Southampton,0,0,2022
5,Premier League,Norwich City vs Watford,18/09/2021,Norwich City,Watford,1,3,2022
5,Premier League,Aston Villa vs Everton,18/09/2021,Aston Villa,Everton,3,0,2022
5,Premier League,Brighton & Hove Albion vs Leicester City,19/09/2021,Brighton & Hove Albion,Leicester City,2,1,2022
5,Premier League,West Ham United vs Manchester United,19/09/2021,West Ham United,Manchester United,1,2,2022
5,Premier League,Tottenham Hotspur vs Chelsea,19/09/2021,Tottenham Hotspur,Chelsea,0,3,2022
6,Premier League,Chelsea vs Manchester City,25/09/2021,Chelsea,Manchester City,0,1,2022
6,Premier League,Manchester United vs Aston Villa,25/09/2021,Manchester United,Aston Villa,0,1,2022
6,Premier League,Everton vs Norwich City,25/09/2021,Everton,Norwich City,2,0,2022
6,Premier League,Leeds United vs West Ham United,25/09/2021,Leeds United,West Ham United,1,2,2022
6,Premier League,Leicester City vs Burnley,25/09/2021,Leicester City,Burnley,2,2,2022
6,Premier League,Watford vs Newcastle United,25/09/2021,Watford,Newcastle United,1,1,2022
6,Premier League,Brentford vs Liverpool,25/09/2021,Brentford,Liverpool,3,3,2022
6,Premier League,Southampton vs Wolverhampton Wanderers,26/09/2021,Southampton,Wolverhampton Wanderers,0,1,2022
6,Premier League,Arsenal vs Tottenham Hotspur,26/09/2021,Arsenal,Tottenham Hotspur,3,1,2022
6,Premier League,Crystal Palace vs Brighton & Hove Albion,27/09/2021,Crystal Palace,Brighton & Hove Albion,1,1,2022
7,Premier League,Manchester United vs Everton,02/10/2021,Manchester United,Everton,1,1,2022
7,Premier League,Burnley vs Norwich City,02/10/2021,Burnley,Norwich City,0,0,2022
7,Premier League,Chelsea vs Southampton,02/10/2021,Chelsea,Southampton,3,1,2022
7,Premier League,Leeds United vs Watford,02/10/2021,Leeds United,Watford,1,0,2022
7,Premier League,Wolverhampton Wanderers vs Newcastle United,02/10/2021,Wolverhampton Wanderers,Newcastle United,2,1,2022
7,Premier League,Brighton & Hove Albion vs Arsenal,02/10/2021,Brighton & Hove Albion,Arsenal,0,0,2022
7,Premier League,Crystal Palace vs Leicester City,03/10/2021,Crystal Palace,Leicester City,2,2,2022
7,Premier League,Tottenham Hotspur vs Aston Villa,03/10/2021,Tottenham Hotspur,Aston Villa,2,1,2022
7,Premier League,West Ham United vs Brentford,03/10/2021,West Ham United,Brentford,1,2,2022
7,Premier League,Liverpool vs Manchester City,03/10/2021,Liverpool,Manchester City,2,2,2022
8,Premier League,Watford vs Liverpool,16/10/2021,Watford,Liverpool,0,5,2022
8,Premier League,Aston Villa vs Wolverhampton Wanderers,16/10/2021,Aston Villa,Wolverhampton Wanderers,2,3,2022
8,Premier League,Leicester City vs Manchester United,16/10/2021,Leicester City,Manchester United,4,2,2022
8,Premier League,Manchester City vs Burnley,16/10/2021,Manchester City,Burnley,2,0,2022
8,Premier League,Norwich City vs Brighton & Hove Albion,16/10/2021,Norwich City,Brighton & Hove Albion,0,0,2022
8,Premier League,Southampton vs Leeds United,16/10/2021,Southampton,Leeds United,1,0,2022
8,Premier League,Brentford vs Chelsea,16/10/2021,Brentford,Chelsea,0,1,2022
8,Premier League,Everton vs West Ham United,17/10/2021,Everton,West Ham United,0,1,2022
8,Premier League,Newcastle United vs Tottenham Hotspur,17/10/2021,Newcastle United,Tottenham Hotspur,2,3,2022
8,Premier League,Arsenal vs Crystal Palace,18/10/2021,Arsenal,Crystal Palace,2,2,2022
9,Premier League,Arsenal vs Aston Villa,22/10/2021,Arsenal,Aston Villa,3,1,2022
9,Premier League,Chelsea vs Norwich City,23/10/2021,Chelsea,Norwich City,7,0,2022
9,Premier League,Crystal Palace vs Newcastle United,23/10/2021,Crystal Palace,Newcastle United,1,1,2022
9,Premier League,Everton vs Watford,23/10/2021,Everton,Watford,2,5,2022
9,Premier League,Leeds United vs Wolverhampton Wanderers,23/10/2021,Leeds United,Wolverhampton Wanderers,1,1,2022
9,Premier League,Southampton vs Burnley,23/10/2021,Southampton,Burnley,2,2,2022
9,Premier League,Brighton & Hove Albion vs Manchester City,23/10/2021,Brighton & Hove Albion,Manchester City,1,4,2022
9,Premier League,Brentford vs Leicester City,24/10/2021,Brentford,Leicester City,1,2,2022
9,Premier League,West Ham United vs Tottenham Hotspur,24/10/2021,West Ham United,Tottenham Hotspur,1,0,2022
9,Premier League,Manchester United vs Liverpool,24/10/2021,Manchester United,Liverpool,0,5,2022
10,Premier League,Leicester City vs Arsenal,30/10/2021,Leicester City,Arsenal,0,2,2022
10,Premier League,Burnley vs Brentford,30/10/2021,Burnley,Brentford,3,1,2022
10,Premier League,Liverpool vs Brighton & Hove Albion,30/10/2021,Liverpool,Brighton & Hove Albion,2,2,2022
10,Premier League,Manchester City vs Crystal Palace,30/10/2021,Manchester City,Crystal Palace,0,2,2022
10,Premier League,Newcastle United vs Chelsea,30/10/2021,Newcastle United,Chelsea,0,3,2022
10,Premier League,Watford vs Southampton,30/10/2021,Watford,Southampton,0,1,2022
10,Premier League,Tottenham Hotspur vs Manchester United,30/10/2021,Tottenham Hotspur,Manchester United,0,3,2022
10,Premier League,Norwich City vs Leeds United,31/10/2021,Norwich City,Leeds United,1,2,2022
10,Premier League,Aston Villa vs West Ham United,31/10/2021,Aston Villa,West Ham United,1,4,2022
10,Premier League,Wolverhampton Wanderers vs Everton,01/11/2021,Wolverhampton Wanderers,Everton,2,1,2022
11,Premier League,Southampton vs Aston Villa,05/11/2021,Southampton,Aston Villa,1,0,2022
11,Premier League,Manchester United vs Manchester City,06/11/2021,Manchester United,Manchester City,0,2,2022
11,Premier League,Brentford vs Norwich City,06/11/2021,Brentford,Norwich City,1,2,2022
11,Premier League,Chelsea vs Burnley,06/11/2021,Chelsea,Burnley,1,1,2022
11,Premier League,Crystal Palace vs Wolverhampton Wanderers,06/11/2021,Crystal Palace,Wolverhampton Wanderers,2,0,2022
11,Premier League,Brighton & Hove Albion vs Newcastle United,06/11/2021,Brighton & Hove Albion,Newcastle United,1,1,2022
11,Premier League,Arsenal vs Watford,07/11/2021,Arsenal,Watford,1,0,2022
11,Premier League,Everton vs Tottenham Hotspur,07/11/2021,Everton,Tottenham Hotspur,0,0,2022
11,Premier League,Leeds United vs Leicester City,07/11/2021,Leeds United,Leicester City,1,1,2022
11,Premier League,West Ham United vs Liverpool,07/11/2021,West Ham United,Liverpool,3,2,2022
12,Premier League,Leicester City vs Chelsea,20/11/2021,Leicester City,Chelsea,0,3,2022
12,Premier League,Aston Villa vs Brighton & Hove Albion,20/11/2021,Aston Villa,Brighton & Hove Albion,2,0,2022
12,Premier League,Burnley vs Crystal Palace,20/11/2021,Burnley,Crystal Palace,3,3,2022
12,Premier League,Newcastle United vs Brentford,20/11/2021,Newcastle United,Brentford,3,3,2022
12,Premier League,Norwich City vs Southampton,20/11/2021,Norwich City,Southampton,2,1,2022
12,Premier League,Watford vs Manchester United,20/11/2021,Watford,Manchester United,4,1,2022
12,Premier League,Wolverhampton Wanderers vs West Ham United,20/11/2021,Wolverhampton Wanderers,West Ham United,1,0,2022
12,Premier League,Liverpool vs Arsenal,20/11/2021,Liverpool,Arsenal,4,0,2022
12,Premier League,Manchester City vs Everton,21/11/2021,Manchester City,Everton,3,0,2022
12,Premier League,Tottenham Hotspur vs Leeds United,21/11/2021,Tottenham Hotspur,Leeds United,2,1,2022
13,Premier League,Arsenal vs Newcastle United,27/11/2021,Arsenal,Newcastle United,2,0,2022
13,Premier League,Crystal Palace vs Aston Villa,27/11/2021,Crystal Palace,Aston Villa,1,2,2022
13,Premier League,Liverpool vs Southampton,27/11/2021,Liverpool,Southampton,4,0,2022
13,Premier League,Norwich City vs Wolverhampton Wanderers,27/11/2021,Norwich City,Wolverhampton Wanderers,0,0,2022
13,Premier League,Brighton & Hove Albion vs Leeds United,27/11/2021,Brighton & Hove Albion,Leeds United,0,0,2022
13,Premier League,Brentford vs Everton,28/11/2021,Brentford,Everton,1,0,2022
13,Premier League,Leicester City vs Watford,28/11/2021,Leicester City,Watford,4,2,2022
13,Premier League,Manchester City vs West Ham United,28/11/2021,Manchester City,West Ham United,2,1,2022
13,Premier League,Chelsea vs Manchester United,28/11/2021,Chelsea,Manchester United,1,1,2022
13,Premier League,Newcastle United vs Norwich City,30/11/2021,Newcastle United,Norwich City,1,1,2022
14,Premier League,Leeds United vs Crystal Palace,30/11/2021,Leeds United,Crystal Palace,1,0,2022
14,Premier League,Southampton vs Leicester City,01/12/2021,Southampton,Leicester City,2,2,2022
14,Premier League,Watford vs Chelsea,01/12/2021,Watford,Chelsea,1,2,2022
14,Premier League,West Ham United vs Brighton & Hove Albion,01/12/2021,West Ham United,Brighton & Hove Albion,1,1,2022
14,Premier League,Wolverhampton Wanderers vs Burnley,01/12/2021,Wolverhampton Wanderers,Burnley,0,0,2022
14,Premier League,Aston Villa vs Manchester City,01/12/2021,Aston Villa,Manchester City,1,2,2022
14,Premier League,Everton vs Liverpool,01/12/2021,Everton,Liverpool,1,4,2022
14,Premier League,Tottenham Hotspur vs Brentford,02/12/2021,Tottenham Hotspur,Brentford,2,0,2022
14,Premier League,Manchester United vs Arsenal,02/12/2021,Manchester United,Arsenal,3,2,2022
14,Premier League,West Ham United vs Chelsea,04/12/2021,West Ham United,Chelsea,3,2,2022
15,Premier League,Newcastle United vs Burnley,04/12/2021,Newcastle United,Burnley,1,0,2022
15,Premier League,Southampton vs Brighton & Hove Albion,04/12/2021,Southampton,Brighton & Hove Albion,1,1,2022
15,Premier League,Wolverhampton Wanderers vs Liverpool,04/12/2021,Wolverhampton Wanderers,Liverpool,0,1,2022
15,Premier League,Watford vs Manchester City,04/12/2021,Watford,Manchester City,1,3,2022
15,Premier League,Leeds United vs Brentford,05/12/2021,Leeds United,Brentford,2,2,2022
15,Premier League,Manchester United vs Crystal Palace,05/12/2021,Manchester United,Crystal Palace,1,0,2022
15,Premier League,Tottenham Hotspur vs Norwich City,05/12/2021,Tottenham Hotspur,Norwich City,3,0,2022
15,Premier League,Aston Villa vs Leicester City,05/12/2021,Aston Villa,Leicester City,2,1,2022
15,Premier League,Everton vs Arsenal,06/12/2021,Everton,Arsenal,2,1,2022
15,Premier League,Brentford vs Watford,10/12/2021,Brentford,Watford,2,1,2022
16,Premier League,Manchester City vs Wolverhampton Wanderers,11/12/2021,Manchester City,Wolverhampton Wanderers,1,0,2022
16,Premier League,Arsenal vs Southampton,11/12/2021,Arsenal,Southampton,3,0,2022
16,Premier League,Chelsea vs Leeds United,11/12/2021,Chelsea,Leeds United,3,2,2022
16,Premier League,Liverpool vs Aston Villa,11/12/2021,Liverpool,Aston Villa,1,0,2022
16,Premier League,Norwich City vs Manchester United,11/12/2021,Norwich City,Manchester United,0,1,2022
16,Premier League,Burnley vs West Ham United,12/12/2021,Burnley,West Ham United,0,0,2022
16,Premier League,Leicester City vs Newcastle United,12/12/2021,Leicester City,Newcastle United,4,0,2022
16,Premier League,Crystal Palace vs Everton,12/12/2021,Crystal Palace,Everton,3,1,2022
16,Premier League,Norwich City vs Aston Villa,14/12/2021,Norwich City,Aston Villa,0,2,2022
16,Premier League,Manchester City vs Leeds United,14/12/2021,Manchester City,Leeds United,7,0,2022
17,Premier League,Brighton & Hove Albion vs Wolverhampton Wanderers,15/12/2021,Brighton & Hove Albion,Wolverhampton Wanderers,0,1,2022
17,Premier League,Crystal Palace vs Southampton,15/12/2021,Crystal Palace,Southampton,2,2,2022
17,Premier League,Arsenal vs West Ham United,15/12/2021,Arsenal,West Ham United,2,0,2022
17,Premier League,Chelsea vs Everton,16/12/2021,Chelsea,Everton,1,1,2022
17,Premier League,Liverpool vs Newcastle United,16/12/2021,Liverpool,Newcastle United,3,1,2022
17,Premier League,Leeds United vs Arsenal,18/12/2021,Leeds United,Arsenal,1,4,2022
17,Premier League,Newcastle United vs Manchester City,19/12/2021,Newcastle United,Manchester City,0,4,2022
17,Premier League,Wolverhampton Wanderers vs Chelsea,19/12/2021,Wolverhampton Wanderers,Chelsea,0,0,2022
17,Premier League,Tottenham Hotspur vs Liverpool,19/12/2021,Tottenham Hotspur,Liverpool,2,2,2022
17,Premier League,Manchester City vs Leicester City,26/12/2021,Manchester City,Leicester City,6,3,2022
18,Premier League,Norwich City vs Arsenal,26/12/2021,Norwich City,Arsenal,0,5,2022
18,Premier League,Tottenham Hotspur vs Crystal Palace,26/12/2021,Tottenham Hotspur,Crystal Palace,3,0,2022
18,Premier League,West Ham United vs Southampton,26/12/2021,West Ham United,Southampton,2,3,2022
18,Premier League,Aston Villa vs Chelsea,26/12/2021,Aston Villa,Chelsea,1,3,2022
18,Premier League,Brighton & Hove Albion vs Brentford,26/12/2021,Brighton & Hove Albion,Brentford,2,0,2022
18,Premier League,Newcastle United vs Manchester United,27/12/2021,Newcastle United,Manchester United,1,1,2022
18,Premier League,Crystal Palace vs Norwich City,28/12/2021,Crystal Palace,Norwich City,3,0,2022
18,Premier League,Southampton vs Tottenham Hotspur,28/12/2021,Southampton,Tottenham Hotspur,1,1,2022
18,Premier League,Watford vs West Ham United,28/12/2021,Watford,West Ham United,1,4,2022
18,Premier League,Leicester City vs Liverpool,28/12/2021,Leicester City,Liverpool,1,0,2022
19,Premier League,Chelsea vs Brighton & Hove Albion,29/12/2021,Chelsea,Brighton & Hove Albion,1,1,2022
19,Premier League,Brentford vs Manchester City,29/12/2021,Brentford,Manchester City,0,1,2022
19,Premier League,Manchester United vs Burnley,30/12/2021,Manchester United,Burnley,3,1,2022
19,Premier League,Arsenal vs Manchester City,01/01/2022,Arsenal,Manchester City,1,2,2022
19,Premier League,Watford vs Tottenham Hotspur,01/01/2022,Watford,Tottenham Hotspur,0,1,2022
19,Premier League,Crystal Palace vs West Ham United,01/01/2022,Crystal Palace,West Ham United,2,3,2022
19,Premier League,Brentford vs Aston Villa,02/01/2022,Brentford,Aston Villa,2,1,2022
19,Premier League,Everton vs Brighton & Hove Albion,02/01/2022,Everton,Brighton & Hove Albion,2,3,2022
19,Premier League,Leeds United vs Burnley,02/01/2022,Leeds United,Burnley,3,1,2022
19,Premier League,Chelsea vs Liverpool,02/01/2022,Chelsea,Liverpool,2,2,2022
20,Premier League,Manchester United vs Wolverhampton Wanderers,03/01/2022,Manchester United,Wolverhampton Wanderers,0,1,2022
20,Premier League,Southampton vs Brentford,11/01/2022,Southampton,Brentford,4,1,2022
20,Premier League,West Ham United vs Norwich City,12/01/2022,West Ham United,Norwich City,2,0,2022
20,Premier League,Brighton & Hove Albion vs Crystal Palace,14/01/2022,Brighton & Hove Albion,Crystal Palace,1,1,2022
20,Premier League,Manchester City vs Chelsea,15/01/2022,Manchester City,Chelsea,1,0,2022
20,Premier League,Newcastle United vs Watford,15/01/2022,Newcastle United,Watford,1,1,2022
20,Premier League,Norwich City vs Everton,15/01/2022,Norwich City,Everton,2,1,2022
20,Premier League,Wolverhampton Wanderers vs Southampton,15/01/2022,Wolverhampton Wanderers,Southampton,3,1,2022
20,Premier League,Aston Villa vs Manchester United,15/01/2022,Aston Villa,Manchester United,2,2,2022
20,Premier League,Liverpool vs Brentford,16/01/2022,Liverpool,Brentford,3,0,2022
21,Premier League,West Ham United vs Leeds United,16/01/2022,West Ham United,Leeds United,2,3,2022
21,Premier League,Brighton & Hove Albion vs Chelsea,18/01/2022,Brighton & Hove Albion,Chelsea,1,1,2022
21,Premier League,Leicester City vs Tottenham Hotspur,19/01/2022,Leicester City,Tottenham Hotspur,2,3,2022
21,Premier League,Brentford vs Manchester United,19/01/2022,Brentford,Manchester United,1,3,2022
21,Premier League,Watford vs Norwich City,21/01/2022,Watford,Norwich City,0,3,2022
21,Premier League,Everton vs Aston Villa,22/01/2022,Everton,Aston Villa,0,1,2022
21,Premier League,Brentford vs Wolverhampton Wanderers,22/01/2022,Brentford,Wolverhampton Wanderers,1,2,2022
21,Premier League,Leeds United vs Newcastle United,22/01/2022,Leeds United,Newcastle United,0,1,2022
21,Premier League,Manchester United vs West Ham United,22/01/2022,Manchester United,West Ham United,1,0,2022
21,Premier League,Southampton vs Manchester City,22/01/2022,Southampton,Manchester City,1,1,2022
22,Premier League,Arsenal vs Burnley,23/01/2022,Arsenal,Burnley,0,0,2022
22,Premier League,Crystal Palace vs Liverpool,23/01/2022,Crystal Palace,Liverpool,1,3,2022
22,Premier League,Leicester City vs Brighton & Hove Albion,23/01/2022,Leicester City,Brighton & Hove Albion,1,1,2022
22,Premier League,Chelsea vs Tottenham Hotspur,23/01/2022,Chelsea,Tottenham Hotspur,2,0,2022
22,Premier League,Burnley vs Watford,05/02/2022,Burnley,Watford,0,0,2022
22,Premier League,Newcastle United vs Everton,08/02/2022,Newcastle United,Everton,3,1,2022
22,Premier League,West Ham United vs Watford,08/02/2022,West Ham United,Watford,1,0,2022
22,Premier League,Burnley vs Manchester United,08/02/2022,Burnley,Manchester United,1,1,2022
22,Premier League,Manchester City vs Brentford,09/02/2022,Manchester City,Brentford,2,0,2022
22,Premier League,Norwich City vs Crystal Palace,09/02/2022,Norwich City,Crystal Palace,1,1,2022
23,Premier League,Tottenham Hotspur vs Southampton,09/02/2022,Tottenham Hotspur,Southampton,2,3,2022
23,Premier League,Aston Villa vs Leeds United,09/02/2022,Aston Villa,Leeds United,3,3,2022
23,Premier League,Liverpool vs Leicester City,10/02/2022,Liverpool,Leicester City,2,0,2022
23,Premier League,Wolverhampton Wanderers vs Arsenal,10/02/2022,Wolverhampton Wanderers,Arsenal,0,1,2022
23,Premier League,Manchester United vs Southampton,12/02/2022,Manchester United,Southampton,1,1,2022
23,Premier League,Brentford vs Crystal Palace,12/02/2022,Brentford,Crystal Palace,0,0,2022
23,Premier League,Everton vs Leeds United,12/02/2022,Everton,Leeds United,3,0,2022
23,Premier League,Watford vs Brighton & Hove Albion,12/02/2022,Watford,Brighton & Hove Albion,0,2,2022
23,Premier League,Norwich City vs Manchester City,12/02/2022,Norwich City,Manchester City,0,4,2022
23,Premier League,Burnley vs Liverpool,13/02/2022,Burnley,Liverpool,0,1,2022
24,Premier League,Newcastle United vs Aston Villa,13/02/2022,Newcastle United,Aston Villa,1,0,2022
24,Premier League,Tottenham Hotspur vs Wolverhampton Wanderers,13/02/2022,Tottenham Hotspur,Wolverhampton Wanderers,0,2,2022
24,Premier League,Leicester City vs West Ham United,13/02/2022,Leicester City,West Ham United,2,2,2022
24,Premier League,Manchester United vs Brighton & Hove Albion,15/02/2022,Manchester United,Brighton & Hove Albion,2,0,2022
24,Premier League,West Ham United vs Newcastle United,19/02/2022,West Ham United,Newcastle United,1,1,2022
24,Premier League,Arsenal vs Brentford,19/02/2022,Arsenal,Brentford,2,1,2022
24,Premier League,Aston Villa vs Watford,19/02/2022,Aston Villa,Watford,0,1,2022
24,Premier League,Brighton & Hove Albion vs Burnley,19/02/2022,Brighton & Hove Albion,Burnley,0,3,2022
24,Premier League,Crystal Palace vs Chelsea,19/02/2022,Crystal Palace,Chelsea,0,1,2022
24,Premier League,Liverpool vs Norwich City,19/02/2022,Liverpool,Norwich City,3,1,2022
25,Premier League,Southampton vs Everton,19/02/2022,Southampton,Everton,2,0,2022
25,Premier League,Manchester City vs Tottenham Hotspur,19/02/2022,Manchester City,Tottenham Hotspur,2,3,2022
25,Premier League,Leeds United vs Manchester United,20/02/2022,Leeds United,Manchester United,2,4,2022
25,Premier League,Wolverhampton Wanderers vs Leicester City,20/02/2022,Wolverhampton Wanderers,Leicester City,2,1,2022
25,Premier League,Burnley vs Tottenham Hotspur,23/02/2022,Burnley,Tottenham Hotspur,1,0,2022
25,Premier League,Watford vs Crystal Palace,23/02/2022,Watford,Crystal Palace,1,4,2022
25,Premier League,Liverpool vs Leeds United,23/02/2022,Liverpool,Leeds United,6,0,2022
25,Premier League,Arsenal vs Wolverhampton Wanderers,24/02/2022,Arsenal,Wolverhampton Wanderers,2,1,2022
25,Premier League,Southampton vs Norwich City,25/02/2022,Southampton,Norwich City,2,0,2022
25,Premier League,Leeds United vs Tottenham Hotspur,26/02/2022,Leeds United,Tottenham Hotspur,0,4,2022
26,Premier League,Brentford vs Newcastle United,26/02/2022,Brentford,Newcastle United,0,2,2022
26,Premier League,Crystal Palace vs Burnley,26/02/2022,Crystal Palace,Burnley,1,1,2022
26,Premier League,Manchester United vs Watford,26/02/2022,Manchester United,Watford,0,0,2022
26,Premier League,Brighton & Hove Albion vs Aston Villa,26/02/2022,Brighton & Hove Albion,Aston Villa,0,2,2022
26,Premier League,Everton vs Manchester City,26/02/2022,Everton,Manchester City,0,1,2022
26,Premier League,West Ham United vs Wolverhampton Wanderers,27/02/2022,West Ham United,Wolverhampton Wanderers,1,0,2022
26,Premier League,Burnley vs Leicester City,01/03/2022,Burnley,Leicester City,0,2,2022
26,Premier League,Leicester City vs Leeds United,05/03/2022,Leicester City,Leeds United,1,0,2022
26,Premier League,Aston Villa vs Southampton,05/03/2022,Aston Villa,Southampton,4,0,2022
26,Premier League,Burnley vs Chelsea,05/03/2022,Burnley,Chelsea,0,4,2022
27,Premier League,Newcastle United vs Brighton & Hove Albion,05/03/2022,Newcastle United,Brighton & Hove Albion,2,1,2022
27,Premier League,Norwich City vs Brentford,05/03/2022,Norwich City,Brentford,1,3,2022
27,Premier League,Wolverhampton Wanderers vs Crystal Palace,05/03/2022,Wolverhampton Wanderers,Crystal Palace,0,2,2022
27,Premier League,Liverpool vs West Ham United,05/03/2022,Liverpool,West Ham United,1,0,2022
27,Premier League,Watford vs Arsenal,06/03/2022,Watford,Arsenal,2,3,2022
27,Premier League,Manchester City vs Manchester United,06/03/2022,Manchester City,Manchester United,4,1,2022
27,Premier League,Tottenham Hotspur vs Everton,07/03/2022,Tottenham Hotspur,Everton,5,0,2022
27,Premier League,Norwich City vs Chelsea,10/03/2022,Norwich City,Chelsea,1,3,2022
27,Premier League,Southampton vs Newcastle United,10/03/2022,Southampton,Newcastle United,1,2,2022
27,Premier League,Wolverhampton Wanderers vs Watford,10/03/2022,Wolverhampton Wanderers,Watford,4,0,2022
28,Premier League,Leeds United vs Aston Villa,10/03/2022,Leeds United,Aston Villa,0,3,2022
28,Premier League,Brighton & Hove Albion vs Liverpool,12/03/2022,Brighton & Hove Albion,Liverpool,0,2,2022
28,Premier League,Brentford vs Burnley,12/03/2022,Brentford,Burnley,2,0,2022
28,Premier League,Manchester United vs Tottenham Hotspur,12/03/2022,Manchester United,Tottenham Hotspur,3,2,2022
28,Premier League,Chelsea vs Newcastle United,13/03/2022,Chelsea,Newcastle United,1,0,2022
28,Premier League,Everton vs Wolverhampton Wanderers,13/03/2022,Everton,Wolverhampton Wanderers,0,1,2022
28,Premier League,Leeds United vs Norwich City,13/03/2022,Leeds United,Norwich City,2,1,2022
28,Premier League,Southampton vs Watford,13/03/2022,Southampton,Watford,1,2,2022
28,Premier League,West Ham United vs Aston Villa,13/03/2022,West Ham United,Aston Villa,2,1,2022
28,Premier League,Arsenal vs Leicester City,13/03/2022,Arsenal,Leicester City,2,0,2022
29,Premier League,Crystal Palace vs Manchester City,14/03/2022,Crystal Palace,Manchester City,0,0,2022
29,Premier League,Brighton & Hove Albion vs Tottenham Hotspur,16/03/2022,Brighton & Hove Albion,Tottenham Hotspur,0,2,2022
29,Premier League,Arsenal vs Liverpool,16/03/2022,Arsenal,Liverpool,0,2,2022
29,Premier League,Everton vs Newcastle United,17/03/2022,Everton,Newcastle United,1,0,2022
29,Premier League,Wolverhampton Wanderers vs Leeds United,18/03/2022,Wolverhampton Wanderers,Leeds United,2,3,2022
29,Premier League,Aston Villa vs Arsenal,19/03/2022,Aston Villa,Arsenal,0,1,2022
29,Premier League,Leicester City vs Brentford,20/03/2022,Leicester City,Brentford,2,1,2022
29,Premier League,Tottenham Hotspur vs West Ham United,20/03/2022,Tottenham Hotspur,West Ham United,3,1,2022
29,Premier League,Liverpool vs Watford,02/04/2022,Liverpool,Watford,2,0,2022
29,Premier League,Brighton & Hove Albion vs Norwich City,02/04/2022,Brighton & Hove Albion,Norwich City,0,0,2022
30,Premier League,Burnley vs Manchester City,02/04/2022,Burnley,Manchester City,0,2,2022
30,Premier League,Chelsea vs Brentford,02/04/2022,Chelsea,Brentford,1,4,2022
30,Premier League,Leeds United vs Southampton,02/04/2022,Leeds United,Southampton,1,1,2022
30,Premier League,Wolverhampton Wanderers vs Aston Villa,02/04/2022,Wolverhampton Wanderers,Aston Villa,2,1,2022
30,Premier League,Manchester United vs Leicester City,02/04/2022,Manchester United,Leicester City,1,1,2022
30,Premier League,West Ham United vs Everton,03/04/2022,West Ham United,Everton,2,1,2022
30,Premier League,Tottenham Hotspur vs Newcastle United,03/04/2022,Tottenham Hotspur,Newcastle United,5,1,2022
30,Premier League,Crystal Palace vs Arsenal,04/04/2022,Crystal Palace,Arsenal,3,0,2022
30,Premier League,Burnley vs Everton,06/04/2022,Burnley,Everton,3,2,2022
30,Premier League,Newcastle United vs Wolverhampton Wanderers,08/04/2022,Newcastle United,Wolverhampton Wanderers,1,0,2022
31,Premier League,Everton vs Manchester United,09/04/2022,Everton,Manchester United,1,0,2022
31,Premier League,Arsenal vs Brighton & Hove Albion,09/04/2022,Arsenal,Brighton & Hove Albion,1,2,2022
31,Premier League,Southampton vs Chelsea,09/04/2022,Southampton,Chelsea,0,6,2022
31,Premier League,Watford vs Leeds United,09/04/2022,Watford,Leeds United,0,3,2022
31,Premier League,Aston Villa vs Tottenham Hotspur,09/04/2022,Aston Villa,Tottenham Hotspur,0,4,2022
31,Premier League,Brentford vs West Ham United,10/04/2022,Brentford,West Ham United,2,0,2022
31,Premier League,Leicester City vs Crystal Palace,10/04/2022,Leicester City,Crystal Palace,2,1,2022
31,Premier League,Norwich City vs Burnley,10/04/2022,Norwich City,Burnley,2,0,2022
31,Premier League,Manchester City vs Liverpool,10/04/2022,Manchester City,Liverpool,2,2,2022
31,Premier League,Tottenham Hotspur vs Brighton & Hove Albion,16/04/2022,Tottenham Hotspur,Brighton & Hove Albion,0,1,2022
32,Premier League,Manchester United vs Norwich City,16/04/2022,Manchester United,Norwich City,3,2,2022
32,Premier League,Southampton vs Arsenal,16/04/2022,Southampton,Arsenal,1,0,2022
32,Premier League,Watford vs Brentford,16/04/2022,Watford,Brentford,1,2,2022
32,Premier League,Newcastle United vs Leicester City,17/04/2022,Newcastle United,Leicester City,2,1,2022
32,Premier League,West Ham United vs Burnley,17/04/2022,West Ham United,Burnley,1,1,2022
32,Premier League,Liverpool vs Manchester United,19/04/2022,Liverpool,Manchester United,4,0,2022
32,Premier League,Chelsea vs Arsenal,20/04/2022,Chelsea,Arsenal,2,4,2022
32,Premier League,Everton vs Leicester City,20/04/2022,Everton,Leicester City,1,1,2022
32,Premier League,Newcastle United vs Crystal Palace,20/04/2022,Newcastle United,Crystal Palace,1,0,2022
32,Premier League,Manchester City vs Brighton & Hove Albion,20/04/2022,Manchester City,Brighton & Hove Albion,3,0,2022
33,Premier League,Burnley vs Southampton,21/04/2022,Burnley,Southampton,2,0,2022
33,Premier League,Arsenal vs Manchester United,23/04/2022,Arsenal,Manchester United,3,1,2022
33,Premier League,Leicester City vs Aston Villa,23/04/2022,Leicester City,Aston Villa,0,0,2022
33,Premier League,Manchester City vs Watford,23/04/2022,Manchester City,Watford,5,1,2022
33,Premier League,Norwich City vs Newcastle United,23/04/2022,Norwich City,Newcastle United,0,3,2022
33,Premier League,Brentford vs Tottenham Hotspur,23/04/2022,Brentford,Tottenham Hotspur,0,0,2022
33,Premier League,Brighton & Hove Albion vs Southampton,24/04/2022,Brighton & Hove Albion,Southampton,2,2,2022
33,Premier League,Burnley vs Wolverhampton Wanderers,24/04/2022,Burnley,Wolverhampton Wanderers,1,0,2022
33,Premier League,Chelsea vs West Ham United,24/04/2022,Chelsea,West Ham United,1,0,2022
33,Premier League,Liverpool vs Everton,24/04/2022,Liverpool,Everton,2,0,2022
34,Premier League,Crystal Palace vs Leeds United,25/04/2022,Crystal Palace,Leeds United,0,0,2022
34,Premier League,Manchester United vs Chelsea,28/04/2022,Manchester United,Chelsea,1,1,2022
34,Premier League,Newcastle United vs Liverpool,30/04/2022,Newcastle United,Liverpool,0,1,2022
34,Premier League,Aston Villa vs Norwich City,30/04/2022,Aston Villa,Norwich City,2,0,2022
34,Premier League,Southampton vs Crystal Palace,30/04/2022,Southampton,Crystal Palace,1,2,2022
34,Premier League,Watford vs Burnley,30/04/2022,Watford,Burnley,1,2,2022
34,Premier League,Wolverhampton Wanderers vs Brighton & Hove Albion,30/04/2022,Wolverhampton Wanderers,Brighton & Hove Albion,0,3,2022
34,Premier League,Leeds United vs Manchester City,30/04/2022,Leeds United,Manchester City,0,4,2022
34,Premier League,Everton vs Chelsea,01/05/2022,Everton,Chelsea,1,0,2022
34,Premier League,Tottenham Hotspur vs Leicester City,01/05/2022,Tottenham Hotspur,Leicester City,3,1,2022
35,Premier League,West Ham United vs Arsenal,01/05/2022,West Ham United,Arsenal,1,2,2022
35,Premier League,Manchester United vs Brentford,02/05/2022,Manchester United,Brentford,3,0,2022
35,Premier League,Brentford vs Southampton,07/05/2022,Brentford,Southampton,3,0,2022
35,Premier League,Burnley vs Aston Villa,07/05/2022,Burnley,Aston Villa,1,3,2022
35,Premier League,Chelsea vs Wolverhampton Wanderers,07/05/2022,Chelsea,Wolverhampton Wanderers,2,2,2022
35,Premier League,Crystal Palace vs Watford,07/05/2022,Crystal Palace,Watford,1,0,2022
35,Premier League,Brighton & Hove Albion vs Manchester United,07/05/2022,Brighton & Hove Albion,Manchester United,4,0,2022
35,Premier League,Liverpool vs Tottenham Hotspur,07/05/2022,Liverpool,Tottenham Hotspur,1,1,2022
35,Premier League,Arsenal vs Leeds United,08/05/2022,Arsenal,Leeds United,2,1,2022
35,Premier League,Leicester City vs Everton,08/05/2022,Leicester City,Everton,1,2,2022
36,Premier League,Norwich City vs West Ham United,08/05/2022,Norwich City,West Ham United,0,4,2022
36,Premier League,Manchester City vs Newcastle United,08/05/2022,Manchester City,Newcastle United,5,0,2022
36,Premier League,Aston Villa vs Liverpool,10/05/2022,Aston Villa,Liverpool,1,2,2022
36,Premier League,Leeds United vs Chelsea,11/05/2022,Leeds United,Chelsea,0,3,2022
36,Premier League,Leicester City vs Norwich City,11/05/2022,Leicester City,Norwich City,3,0,2022
36,Premier League,Watford vs Everton,11/05/2022,Watford,Everton,0,0,2022
36,Premier League,Wolverhampton Wanderers vs Manchester City,11/05/2022,Wolverhampton Wanderers,Manchester City,1,5,2022
36,Premier League,Tottenham Hotspur vs Arsenal,12/05/2022,Tottenham Hotspur,Arsenal,3,0,2022
36,Premier League,Tottenham Hotspur vs Burnley,15/05/2022,Tottenham Hotspur,Burnley,1,0,2022
36,Premier League,Aston Villa vs Crystal Palace,15/05/2022,Aston Villa,Crystal Palace,1,1,2022
37,Premier League,Leeds United vs Brighton & Hove Albion,15/05/2022,Leeds United,Brighton & Hove Albion,1,1,2022
37,Premier League,Watford vs Leicester City,15/05/2022,Watford,Leicester City,1,5,2022
37,Premier League,West Ham United vs Manchester City,15/05/2022,West Ham United,Manchester City,2,2,2022
37,Premier League,Wolverhampton Wanderers vs Norwich City,15/05/2022,Wolverhampton Wanderers,Norwich City,1,1,2022
37,Premier League,Everton vs Brentford,15/05/2022,Everton,Brentford,2,3,2022
37,Premier League,Newcastle United vs Arsenal,16/05/2022,Newcastle United,Arsenal,2,0,2022
37,Premier League,Southampton vs Liverpool,17/05/2022,Southampton,Liverpool,1,2,2022
37,Premier League,Everton vs Crystal Palace,19/05/2022,Everton,Crystal Palace,3,2,2022
37,Premier League,Aston Villa vs Burnley,19/05/2022,Aston Villa,Burnley,1,1,2022
37,Premier League,Chelsea vs Leicester City,19/05/2022,Chelsea,Leicester City,1,1,2022
38,Premier League,Arsenal vs Everton,22/05/2022,Arsenal,Everton,5,1,2022
38,Premier League,Brentford vs Leeds United,22/05/2022,Brentford,Leeds United,1,2,2022
38,Premier League,Brighton & Hove Albion vs West Ham United,22/05/2022,Brighton & Hove Albion,West Ham United,3,1,2022
38,Premier League,Burnley vs Newcastle United,22/05/2022,Burnley,Newcastle United,1,2,2022
38,Premier League,Chelsea vs Watford,22/05/2022,Chelsea,Watford,2,1,2022
38,Premier League,Crystal Palace vs Manchester United,22/05/2022,Crystal Palace,Manchester United,1,0,2022
38,Premier League,Leicester City vs Southampton,22/05/2022,Leicester City,Southampton,4,1,2022
38,Premier League,Liverpool vs Wolverhampton Wanderers,22/05/2022,Liverpool,Wolverhampton Wanderers,3,1,2022
38,Premier League,Manchester City vs Aston Villa,22/05/2022,Manchester City,Aston Villa,3,2,2022
38,Premier League,Norwich City vs Tottenham Hotspur,22/05/2022,Norwich City,Tottenham Hotspur,0,5,2022
1,Premier League,Crystal Palace vs Arsenal,05/08/2022,Crystal Palace,Arsenal,0,2,2023
1,Premier League,Fulham vs Liverpool,06/08/2022,Fulham,Liverpool,2,2,2023
1,Premier League,AFC Bournemouth vs Aston Villa,06/08/2022,AFC Bournemouth,Aston Villa,2,0,2023
1,Premier League,Leeds United vs Wolverhampton Wanderers,06/08/2022,Leeds United,Wolverhampton Wanderers,2,1,2023
1,Premier League,Newcastle United vs Nottingham Forest,06/08/2022,Newcastle United,Nottingham Forest,2,0,2023
1,Premier League,Tottenham Hotspur vs Southampton,06/08/2022,Tottenham Hotspur,Southampton,4,1,2023
1,Premier League,Everton vs Chelsea,06/08/2022,Everton,Chelsea,0,1,2023
1,Premier League,Leicester City vs Brentford,07/08/2022,Leicester City,Brentford,2,2,2023
1,Premier League,Manchester United vs Brighton & Hove Albion,07/08/2022,Manchester United,Brighton & Hove Albion,1,2,2023
1,Premier League,West Ham United vs Manchester City,07/08/2022,West Ham United,Manchester City,0,2,2023
2,Premier League,Aston Villa vs Everton,13/08/2022,Aston Villa,Everton,2,1,2023
2,Premier League,Arsenal vs Leicester City,13/08/2022,Arsenal,Leicester City,4,2,2023
2,Premier League,Brighton & Hove Albion vs Newcastle United,13/08/2022,Brighton & Hove Albion,Newcastle United,0,0,2023
2,Premier League,Manchester City vs AFC Bournemouth,13/08/2022,Manchester City,AFC Bournemouth,4,0,2023
2,Premier League,Southampton vs Leeds United,13/08/2022,Southampton,Leeds United,2,2,2023
2,Premier League,Wolverhampton Wanderers vs Fulham,13/08/2022,Wolverhampton Wanderers,Fulham,0,0,2023
2,Premier League,Brentford vs Manchester United,13/08/2022,Brentford,Manchester United,4,0,2023
2,Premier League,Nottingham Forest vs West Ham United,14/08/2022,Nottingham Forest,West Ham United,1,0,2023
2,Premier League,Chelsea vs Tottenham Hotspur,14/08/2022,Chelsea,Tottenham Hotspur,2,2,2023
2,Premier League,Liverpool vs Crystal Palace,15/08/2022,Liverpool,Crystal Palace,1,1,2023
3,Premier League,Tottenham Hotspur vs Wolverhampton Wanderers,20/08/2022,Tottenham Hotspur,Wolverhampton Wanderers,1,0,2023
3,Premier League,Crystal Palace vs Aston Villa,20/08/2022,Crystal Palace,Aston Villa,3,1,2023
3,Premier League,Everton vs Nottingham Forest,20/08/2022,Everton,Nottingham Forest,1,1,2023
3,Premier League,Fulham vs Brentford,20/08/2022,Fulham,Brentford,3,2,2023
3,Premier League,Leicester City vs Southampton,20/08/2022,Leicester City,Southampton,1,2,2023
3,Premier League,AFC Bournemouth vs Arsenal,20/08/2022,AFC Bournemouth,Arsenal,0,3,2023
3,Premier League,Leeds United vs Chelsea,21/08/2022,Leeds United,Chelsea,3,0,2023
3,Premier League,West Ham United vs Brighton & Hove Albion,21/08/2022,West Ham United,Brighton & Hove Albion,0,2,2023
3,Premier League,Newcastle United vs Manchester City,21/08/2022,Newcastle United,Manchester City,3,3,2023
3,Premier League,Manchester United vs Liverpool,22/08/2022,Manchester United,Liverpool,2,1,2023
4,Premier League,Southampton vs Manchester United,27/08/2022,Southampton,Manchester United,0,1,2023
4,Premier League,Brentford vs Everton,27/08/2022,Brentford,Everton,1,1,2023
4,Premier League,Brighton & Hove Albion vs Leeds United,27/08/2022,Brighton & Hove Albion,Leeds United,1,0,2023
4,Premier League,Chelsea vs Leicester City,27/08/2022,Chelsea,Leicester City,2,1,2023
4,Premier League,Liverpool vs AFC Bournemouth,27/08/2022,Liverpool,AFC Bournemouth,9,0,2023
4,Premier League,Manchester City vs Crystal Palace,27/08/2022,Manchester City,Crystal Palace,4,2,2023
4,Premier League,Arsenal vs Fulham,27/08/2022,Arsenal,Fulham,2,1,2023
4,Premier League,Aston Villa vs West Ham United,28/08/2022,Aston Villa,West Ham United,0,1,2023
4,Premier League,Wolverhampton Wanderers vs Newcastle United,28/08/2022,Wolverhampton Wanderers,Newcastle United,1,1,2023
4,Premier League,Nottingham Forest vs Tottenham Hotspur,28/08/2022,Nottingham Forest,Tottenham Hotspur,0,2,2023
5,Premier League,Crystal Palace vs Brentford,30/08/2022,Crystal Palace,Brentford,1,1,2023
5,Premier League,Fulham vs Brighton & Hove Albion,30/08/2022,Fulham,Brighton & Hove Albion,2,1,2023
5,Premier League,Southampton vs Chelsea,30/08/2022,Southampton,Chelsea,2,1,2023
5,Premier League,Leeds United vs Everton,30/08/2022,Leeds United,Everton,1,1,2023
5,Premier League,Arsenal vs Aston Villa,31/08/2022,Arsenal,Aston Villa,2,1,2023
5,Premier League,AFC Bournemouth vs Wolverhampton Wanderers,31/08/2022,AFC Bournemouth,Wolverhampton Wanderers,0,0,2023
5,Premier League,Manchester City vs Nottingham Forest,31/08/2022,Manchester City,Nottingham Forest,6,0,2023
5,Premier League,West Ham United vs Tottenham Hotspur,31/08/2022,West Ham United,Tottenham Hotspur,1,1,2023
5,Premier League,Liverpool vs Newcastle United,31/08/2022,Liverpool,Newcastle United,2,1,2023
5,Premier League,Leicester City vs Manchester United,01/09/2022,Leicester City,Manchester United,0,1,2023
6,Premier League,Everton vs Liverpool,03/09/2022,Everton,Liverpool,0,0,2023
6,Premier League,Brentford vs Leeds United,03/09/2022,Brentford,Leeds United,5,2,2023
6,Premier League,Chelsea vs West Ham United,03/09/2022,Chelsea,West Ham United,2,1,2023
6,Premier League,Newcastle United vs Crystal Palace,03/09/2022,Newcastle United,Crystal Palace,0,0,2023
6,Premier League,Nottingham Forest vs AFC Bournemouth,03/09/2022,Nottingham Forest,AFC Bournemouth,2,3,2023
6,Premier League,Tottenham Hotspur vs Fulham,03/09/2022,Tottenham Hotspur,Fulham,2,1,2023
6,Premier League,Wolverhampton Wanderers vs Southampton,03/09/2022,Wolverhampton Wanderers,Southampton,1,0,2023
6,Premier League,Aston Villa vs Manchester City,03/09/2022,Aston Villa,Manchester City,1,1,2023
6,Premier League,Brighton & Hove Albion vs Leicester City,04/09/2022,Brighton & Hove Albion,Leicester City,5,2,2023
6,Premier League,Manchester United vs Arsenal,04/09/2022,Manchester United,Arsenal,3,1,2023
7,Premier League,Aston Villa vs Southampton,16/09/2022,Aston Villa,Southampton,1,0,2023
7,Premier League,Nottingham Forest vs Fulham,16/09/2022,Nottingham Forest,Fulham,2,3,2023
7,Premier League,Wolverhampton Wanderers vs Manchester City,17/09/2022,Wolverhampton Wanderers,Manchester City,0,3,2023
7,Premier League,Newcastle United vs AFC Bournemouth,17/09/2022,Newcastle United,AFC Bournemouth,1,1,2023
7,Premier League,Tottenham Hotspur vs Leicester City,17/09/2022,Tottenham Hotspur,Leicester City,6,2,2023
7,Premier League,Brentford vs Arsenal,18/09/2022,Brentford,Arsenal,0,3,2023
7,Premier League,Everton vs West Ham United,18/09/2022,Everton,West Ham United,1,0,2023
7,Premier League,Arsenal vs Tottenham Hotspur,01/10/2022,Arsenal,Tottenham Hotspur,3,1,2023
7,Premier League,AFC Bournemouth vs Brentford,01/10/2022,AFC Bournemouth,Brentford,0,0,2023
7,Premier League,Crystal Palace vs Chelsea,01/10/2022,Crystal Palace,Chelsea,1,2,2023
8,Premier League,Fulham vs Newcastle United,01/10/2022,Fulham,Newcastle United,1,4,2023
8,Premier League,Liverpool vs Brighton & Hove Albion,01/10/2022,Liverpool,Brighton & Hove Albion,3,3,2023
8,Premier League,Southampton vs Everton,01/10/2022,Southampton,Everton,1,2,2023
8,Premier League,West Ham United vs Wolverhampton Wanderers,01/10/2022,West Ham United,Wolverhampton Wanderers,2,0,2023
8,Premier League,Manchester City vs Manchester United,02/10/2022,Manchester City,Manchester United,6,3,2023
8,Premier League,Leeds United vs Aston Villa,02/10/2022,Leeds United,Aston Villa,0,0,2023
8,Premier League,Leicester City vs Nottingham Forest,03/10/2022,Leicester City,Nottingham Forest,4,0,2023
8,Premier League,AFC Bournemouth vs Leicester City,08/10/2022,AFC Bournemouth,Leicester City,2,1,2023
8,Premier League,Chelsea vs Wolverhampton Wanderers,08/10/2022,Chelsea,Wolverhampton Wanderers,3,0,2023
8,Premier League,Manchester City vs Southampton,08/10/2022,Manchester City,Southampton,4,0,2023
9,Premier League,Newcastle United vs Brentford,08/10/2022,Newcastle United,Brentford,5,1,2023
9,Premier League,Brighton & Hove Albion vs Tottenham Hotspur,08/10/2022,Brighton & Hove Albion,Tottenham Hotspur,0,1,2023
9,Premier League,Crystal Palace vs Leeds United,09/10/2022,Crystal Palace,Leeds United,2,1,2023
9,Premier League,West Ham United vs Fulham,09/10/2022,West Ham United,Fulham,3,1,2023
9,Premier League,Arsenal vs Liverpool,09/10/2022,Arsenal,Liverpool,3,2,2023
9,Premier League,Everton vs Manchester United,09/10/2022,Everton,Manchester United,1,2,2023
9,Premier League,Nottingham Forest vs Aston Villa,10/10/2022,Nottingham Forest,Aston Villa,1,1,2023
9,Premier League,Brentford vs Brighton & Hove Albion,14/10/2022,Brentford,Brighton & Hove Albion,2,0,2023
9,Premier League,Leicester City vs Crystal Palace,15/10/2022,Leicester City,Crystal Palace,0,0,2023
9,Premier League,Fulham vs AFC Bournemouth,15/10/2022,Fulham,AFC Bournemouth,2,2,2023
10,Premier League,Wolverhampton Wanderers vs Nottingham Forest,15/10/2022,Wolverhampton Wanderers,Nottingham Forest,1,0,2023
10,Premier League,Tottenham Hotspur vs Everton,15/10/2022,Tottenham Hotspur,Everton,2,0,2023
10,Premier League,Aston Villa vs Chelsea,16/10/2022,Aston Villa,Chelsea,0,2,2023
10,Premier League,Leeds United vs Arsenal,16/10/2022,Leeds United,Arsenal,0,1,2023
10,Premier League,Manchester United vs Newcastle United,16/10/2022,Manchester United,Newcastle United,0,0,2023
10,Premier League,Southampton vs West Ham United,16/10/2022,Southampton,West Ham United,1,1,2023
10,Premier League,Liverpool vs Manchester City,16/10/2022,Liverpool,Manchester City,1,0,2023
10,Premier League,Brighton & Hove Albion vs Nottingham Forest,18/10/2022,Brighton & Hove Albion,Nottingham Forest,0,0,2023
10,Premier League,Crystal Palace vs Wolverhampton Wanderers,18/10/2022,Crystal Palace,Wolverhampton Wanderers,2,1,2023
10,Premier League,AFC Bournemouth vs Southampton,19/10/2022,AFC Bournemouth,Southampton,0,1,2023
11,Premier League,Brentford vs Chelsea,19/10/2022,Brentford,Chelsea,0,0,2023
11,Premier League,Liverpool vs West Ham United,19/10/2022,Liverpool,West Ham United,1,0,2023
11,Premier League,Newcastle United vs Everton,19/10/2022,Newcastle United,Everton,1,0,2023
11,Premier League,Manchester United vs Tottenham Hotspur,19/10/2022,Manchester United,Tottenham Hotspur,2,0,2023
11,Premier League,Fulham vs Aston Villa,20/10/2022,Fulham,Aston Villa,3,0,2023
11,Premier League,Leicester City vs Leeds United,20/10/2022,Leicester City,Leeds United,2,0,2023
11,Premier League,Nottingham Forest vs Liverpool,22/10/2022,Nottingham Forest,Liverpool,1,0,2023
11,Premier League,Everton vs Crystal Palace,22/10/2022,Everton,Crystal Palace,3,0,2023
11,Premier League,Manchester City vs Brighton & Hove Albion,22/10/2022,Manchester City,Brighton & Hove Albion,3,1,2023
11,Premier League,Chelsea vs Manchester United,22/10/2022,Chelsea,Manchester United,1,1,2023
12,Premier League,Aston Villa vs Brentford,23/10/2022,Aston Villa,Brentford,4,0,2023
12,Premier League,Leeds United vs Fulham,23/10/2022,Leeds United,Fulham,2,3,2023
12,Premier League,Southampton vs Arsenal,23/10/2022,Southampton,Arsenal,1,1,2023
12,Premier League,Wolverhampton Wanderers vs Leicester City,23/10/2022,Wolverhampton Wanderers,Leicester City,0,4,2023
12,Premier League,Tottenham Hotspur vs Newcastle United,23/10/2022,Tottenham Hotspur,Newcastle United,1,2,2023
12,Premier League,West Ham United vs AFC Bournemouth,24/10/2022,West Ham United,AFC Bournemouth,2,0,2023
12,Premier League,Leicester City vs Manchester City,29/10/2022,Leicester City,Manchester City,0,1,2023
12,Premier League,AFC Bournemouth vs Tottenham Hotspur,29/10/2022,AFC Bournemouth,Tottenham Hotspur,2,3,2023
12,Premier League,Brentford vs Wolverhampton Wanderers,29/10/2022,Brentford,Wolverhampton Wanderers,1,1,2023
12,Premier League,Brighton & Hove Albion vs Chelsea,29/10/2022,Brighton & Hove Albion,Chelsea,4,1,2023
13,Premier League,Crystal Palace vs Southampton,29/10/2022,Crystal Palace,Southampton,1,0,2023
13,Premier League,Newcastle United vs Aston Villa,29/10/2022,Newcastle United,Aston Villa,4,0,2023
13,Premier League,Fulham vs Everton,29/10/2022,Fulham,Everton,0,0,2023
13,Premier League,Liverpool vs Leeds United,29/10/2022,Liverpool,Leeds United,1,2,2023
13,Premier League,Arsenal vs Nottingham Forest,30/10/2022,Arsenal,Nottingham Forest,5,0,2023
13,Premier League,Manchester United vs West Ham United,30/10/2022,Manchester United,West Ham United,1,0,2023
13,Premier League,Leeds United vs AFC Bournemouth,05/11/2022,Leeds United,AFC Bournemouth,4,3,2023
13,Premier League,Manchester City vs Fulham,05/11/2022,Manchester City,Fulham,2,1,2023
13,Premier League,Nottingham Forest vs Brentford,05/11/2022,Nottingham Forest,Brentford,2,2,2023
13,Premier League,Wolverhampton Wanderers vs Brighton & Hove Albion,05/11/2022,Wolverhampton Wanderers,Brighton & Hove Albion,2,3,2023
14,Premier League,Everton vs Leicester City,05/11/2022,Everton,Leicester City,0,2,2023
14,Premier League,Chelsea vs Arsenal,06/11/2022,Chelsea,Arsenal,0,1,2023
14,Premier League,Aston Villa vs Manchester United,06/11/2022,Aston Villa,Manchester United,3,1,2023
14,Premier League,Southampton vs Newcastle United,06/11/2022,Southampton,Newcastle United,1,4,2023
14,Premier League,West Ham United vs Crystal Palace,06/11/2022,West Ham United,Crystal Palace,1,2,2023
14,Premier League,Tottenham Hotspur vs Liverpool,06/11/2022,Tottenham Hotspur,Liverpool,1,2,2023
14,Premier League,Manchester City vs Brentford,12/11/2022,Manchester City,Brentford,1,2,2023
14,Premier League,AFC Bournemouth vs Everton,12/11/2022,AFC Bournemouth,Everton,3,0,2023
14,Premier League,Liverpool vs Southampton,12/11/2022,Liverpool,Southampton,3,1,2023
14,Premier League,Nottingham Forest vs Crystal Palace,12/11/2022,Nottingham Forest,Crystal Palace,1,0,2023
15,Premier League,Tottenham Hotspur vs Leeds United,12/11/2022,Tottenham Hotspur,Leeds United,4,3,2023
15,Premier League,West Ham United vs Leicester City,12/11/2022,West Ham United,Leicester City,0,2,2023
15,Premier League,Newcastle United vs Chelsea,12/11/2022,Newcastle United,Chelsea,1,0,2023
15,Premier League,Wolverhampton Wanderers vs Arsenal,12/11/2022,Wolverhampton Wanderers,Arsenal,0,2,2023
15,Premier League,Brighton & Hove Albion vs Aston Villa,13/11/2022,Brighton & Hove Albion,Aston Villa,1,2,2023
15,Premier League,Fulham vs Manchester United,13/11/2022,Fulham,Manchester United,1,2,2023
15,Premier League,Brentford vs Tottenham Hotspur,26/12/2022,Brentford,Tottenham Hotspur,2,2,2023
15,Premier League,Crystal Palace vs Fulham,26/12/2022,Crystal Palace,Fulham,0,3,2023
15,Premier League,Everton vs Wolverhampton Wanderers,26/12/2022,Everton,Wolverhampton Wanderers,1,2,2023
15,Premier League,Leicester City vs Newcastle United,26/12/2022,Leicester City,Newcastle United,0,3,2023
16,Premier League,Southampton vs Brighton & Hove Albion,26/12/2022,Southampton,Brighton & Hove Albion,1,3,2023
16,Premier League,Aston Villa vs Liverpool,26/12/2022,Aston Villa,Liverpool,1,3,2023
16,Premier League,Arsenal vs West Ham United,26/12/2022,Arsenal,West Ham United,3,1,2023
16,Premier League,Chelsea vs AFC Bournemouth,27/12/2022,Chelsea,AFC Bournemouth,2,0,2023
16,Premier League,Manchester United vs Nottingham Forest,27/12/2022,Manchester United,Nottingham Forest,3,0,2023
16,Premier League,Leeds United vs Manchester City,28/12/2022,Leeds United,Manchester City,1,3,2023
16,Premier League,West Ham United vs Brentford,30/12/2022,West Ham United,Brentford,0,2,2023
16,Premier League,Liverpool vs Leicester City,30/12/2022,Liverpool,Leicester City,2,1,2023
16,Premier League,Wolverhampton Wanderers vs Manchester United,31/12/2022,Wolverhampton Wanderers,Manchester United,0,1,2023
16,Premier League,AFC Bournemouth vs Crystal Palace,31/12/2022,AFC Bournemouth,Crystal Palace,0,2,2023
17,Premier League,Fulham vs Southampton,31/12/2022,Fulham,Southampton,2,1,2023
17,Premier League,Manchester City vs Everton,31/12/2022,Manchester City,Everton,1,1,2023
17,Premier League,Newcastle United vs Leeds United,31/12/2022,Newcastle United,Leeds United,0,0,2023
17,Premier League,Brighton & Hove Albion vs Arsenal,31/12/2022,Brighton & Hove Albion,Arsenal,2,4,2023
17,Premier League,Tottenham Hotspur vs Aston Villa,01/01/2023,Tottenham Hotspur,Aston Villa,0,2,2023
17,Premier League,Nottingham Forest vs Chelsea,01/01/2023,Nottingham Forest,Chelsea,1,1,2023
17,Premier League,Brentford vs Liverpool,02/01/2023,Brentford,Liverpool,3,1,2023
17,Premier League,Arsenal vs Newcastle United,03/01/2023,Arsenal,Newcastle United,0,0,2023
17,Premier League,Everton vs Brighton & Hove Albion,03/01/2023,Everton,Brighton & Hove Albion,1,4,2023
17,Premier League,Leicester City vs Fulham,03/01/2023,Leicester City,Fulham,0,1,2023
18,Premier League,Manchester United vs AFC Bournemouth,03/01/2023,Manchester United,AFC Bournemouth,3,0,2023
18,Premier League,Southampton vs Nottingham Forest,04/01/2023,Southampton,Nottingham Forest,0,1,2023
18,Premier League,Leeds United vs West Ham United,04/01/2023,Leeds United,West Ham United,2,2,2023
18,Premier League,Aston Villa vs Wolverhampton Wanderers,04/01/2023,Aston Villa,Wolverhampton Wanderers,1,1,2023
18,Premier League,Crystal Palace vs Tottenham Hotspur,04/01/2023,Crystal Palace,Tottenham Hotspur,0,4,2023
18,Premier League,Chelsea vs Manchester City,05/01/2023,Chelsea,Manchester City,0,1,2023
18,Premier League,Fulham vs Chelsea,12/01/2023,Fulham,Chelsea,2,1,2023
18,Premier League,Aston Villa vs Leeds United,13/01/2023,Aston Villa,Leeds United,2,1,2023
18,Premier League,Manchester United vs Manchester City,14/01/2023,Manchester United,Manchester City,2,1,2023
18,Premier League,Brighton & Hove Albion vs Liverpool,14/01/2023,Brighton & Hove Albion,Liverpool,3,0,2023
19,Premier League,Everton vs Southampton,14/01/2023,Everton,Southampton,1,2,2023
19,Premier League,Nottingham Forest vs Leicester City,14/01/2023,Nottingham Forest,Leicester City,2,0,2023
19,Premier League,Wolverhampton Wanderers vs West Ham United,14/01/2023,Wolverhampton Wanderers,West Ham United,1,0,2023
19,Premier League,Brentford vs AFC Bournemouth,14/01/2023,Brentford,AFC Bournemouth,2,0,2023
19,Premier League,Chelsea vs Crystal Palace,15/01/2023,Chelsea,Crystal Palace,1,0,2023
19,Premier League,Newcastle United vs Fulham,15/01/2023,Newcastle United,Fulham,1,0,2023
19,Premier League,Tottenham Hotspur vs Arsenal,15/01/2023,Tottenham Hotspur,Arsenal,0,2,2023
19,Premier League,Crystal Palace vs Manchester United,18/01/2023,Crystal Palace,Manchester United,1,1,2023
19,Premier League,Manchester City vs Tottenham Hotspur,19/01/2023,Manchester City,Tottenham Hotspur,4,2,2023
19,Premier League,Liverpool vs Chelsea,21/01/2023,Liverpool,Chelsea,0,0,2023
20,Premier League,AFC Bournemouth vs Nottingham Forest,21/01/2023,AFC Bournemouth,Nottingham Forest,1,1,2023
20,Premier League,Leicester City vs Brighton & Hove Albion,21/01/2023,Leicester City,Brighton & Hove Albion,2,2,2023
20,Premier League,Southampton vs Aston Villa,21/01/2023,Southampton,Aston Villa,0,1,2023
20,Premier League,West Ham United vs Everton,21/01/2023,West Ham United,Everton,2,0,2023
20,Premier League,Crystal Palace vs Newcastle United,21/01/2023,Crystal Palace,Newcastle United,0,0,2023
20,Premier League,Leeds United vs Brentford,22/01/2023,Leeds United,Brentford,0,0,2023
20,Premier League,Manchester City vs Wolverhampton Wanderers,22/01/2023,Manchester City,Wolverhampton Wanderers,3,0,2023
20,Premier League,Arsenal vs Manchester United,22/01/2023,Arsenal,Manchester United,3,2,2023
20,Premier League,Fulham vs Tottenham Hotspur,23/01/2023,Fulham,Tottenham Hotspur,0,1,2023
20,Premier League,Chelsea vs Fulham,03/02/2023,Chelsea,Fulham,0,0,2023
21,Premier League,Everton vs Arsenal,04/02/2023,Everton,Arsenal,1,0,2023
21,Premier League,Aston Villa vs Leicester City,04/02/2023,Aston Villa,Leicester City,2,4,2023
21,Premier League,Brentford vs Southampton,04/02/2023,Brentford,Southampton,3,0,2023
21,Premier League,Brighton & Hove Albion vs AFC Bournemouth,04/02/2023,Brighton & Hove Albion,AFC Bournemouth,1,0,2023
21,Premier League,Manchester United vs Crystal Palace,04/02/2023,Manchester United,Crystal Palace,2,1,2023
21,Premier League,Wolverhampton Wanderers vs Liverpool,04/02/2023,Wolverhampton Wanderers,Liverpool,3,0,2023
21,Premier League,Newcastle United vs West Ham United,04/02/2023,Newcastle United,West Ham United,1,1,2023
21,Premier League,Nottingham Forest vs Leeds United,05/02/2023,Nottingham Forest,Leeds United,1,0,2023
21,Premier League,Tottenham Hotspur vs Manchester City,05/02/2023,Tottenham Hotspur,Manchester City,1,0,2023
21,Premier League,Manchester United vs Leeds United,08/02/2023,Manchester United,Leeds United,2,2,2023
22,Premier League,West Ham United vs Chelsea,11/02/2023,West Ham United,Chelsea,1,1,2023
22,Premier League,Arsenal vs Brentford,11/02/2023,Arsenal,Brentford,1,1,2023
22,Premier League,Crystal Palace vs Brighton & Hove Albion,11/02/2023,Crystal Palace,Brighton & Hove Albion,1,1,2023
22,Premier League,Fulham vs Nottingham Forest,11/02/2023,Fulham,Nottingham Forest,2,0,2023
22,Premier League,Leicester City vs Tottenham Hotspur,11/02/2023,Leicester City,Tottenham Hotspur,4,1,2023
22,Premier League,Southampton vs Wolverhampton Wanderers,11/02/2023,Southampton,Wolverhampton Wanderers,1,2,2023
22,Premier League,AFC Bournemouth vs Newcastle United,11/02/2023,AFC Bournemouth,Newcastle United,1,1,2023
22,Premier League,Leeds United vs Manchester United,12/02/2023,Leeds United,Manchester United,0,2,2023
22,Premier League,Manchester City vs Aston Villa,12/02/2023,Manchester City,Aston Villa,3,1,2023
22,Premier League,Liverpool vs Everton,13/02/2023,Liverpool,Everton,2,0,2023
23,Premier League,Arsenal vs Manchester City,15/02/2023,Arsenal,Manchester City,1,3,2023
23,Premier League,Aston Villa vs Arsenal,18/02/2023,Aston Villa,Arsenal,2,4,2023
23,Premier League,Brentford vs Crystal Palace,18/02/2023,Brentford,Crystal Palace,1,1,2023
23,Premier League,Brighton & Hove Albion vs Fulham,18/02/2023,Brighton & Hove Albion,Fulham,0,1,2023
23,Premier League,Chelsea vs Southampton,18/02/2023,Chelsea,Southampton,0,1,2023
23,Premier League,Everton vs Leeds United,18/02/2023,Everton,Leeds United,1,0,2023
23,Premier League,Nottingham Forest vs Manchester City,18/02/2023,Nottingham Forest,Manchester City,1,1,2023
23,Premier League,Wolverhampton Wanderers vs AFC Bournemouth,18/02/2023,Wolverhampton Wanderers,AFC Bournemouth,0,1,2023
23,Premier League,Newcastle United vs Liverpool,18/02/2023,Newcastle United,Liverpool,0,2,2023
23,Premier League,Manchester United vs Leicester City,19/02/2023,Manchester United,Leicester City,3,0,2023
24,Premier League,Tottenham Hotspur vs West Ham United,19/02/2023,Tottenham Hotspur,West Ham United,2,0,2023
24,Premier League,Fulham vs Wolverhampton Wanderers,24/02/2023,Fulham,Wolverhampton Wanderers,1,1,2023
24,Premier League,Everton vs Aston Villa,25/02/2023,Everton,Aston Villa,0,2,2023
24,Premier League,Leeds United vs Southampton,25/02/2023,Leeds United,Southampton,1,0,2023
24,Premier League,Leicester City vs Arsenal,25/02/2023,Leicester City,Arsenal,0,1,2023
24,Premier League,West Ham United vs Nottingham Forest,25/02/2023,West Ham United,Nottingham Forest,4,0,2023
24,Premier League,AFC Bournemouth vs Manchester City,25/02/2023,AFC Bournemouth,Manchester City,1,4,2023
24,Premier League,Crystal Palace vs Liverpool,25/02/2023,Crystal Palace,Liverpool,0,0,2023
24,Premier League,Tottenham Hotspur vs Chelsea,26/02/2023,Tottenham Hotspur,Chelsea,2,0,2023
24,Premier League,Arsenal vs Everton,01/03/2023,Arsenal,Everton,4,0,2023
25,Premier League,Liverpool vs Wolverhampton Wanderers,01/03/2023,Liverpool,Wolverhampton Wanderers,2,0,2023
25,Premier League,Manchester City vs Newcastle United,04/03/2023,Manchester City,Newcastle United,2,0,2023
25,Premier League,Arsenal vs AFC Bournemouth,04/03/2023,Arsenal,AFC Bournemouth,3,2,2023
25,Premier League,Aston Villa vs Crystal Palace,04/03/2023,Aston Villa,Crystal Palace,1,0,2023
25,Premier League,Brighton & Hove Albion vs West Ham United,04/03/2023,Brighton & Hove Albion,West Ham United,4,0,2023
25,Premier League,Chelsea vs Leeds United,04/03/2023,Chelsea,Leeds United,1,0,2023
25,Premier League,Wolverhampton Wanderers vs Tottenham Hotspur,04/03/2023,Wolverhampton Wanderers,Tottenham Hotspur,1,0,2023
25,Premier League,Southampton vs Leicester City,04/03/2023,Southampton,Leicester City,1,0,2023
25,Premier League,Nottingham Forest vs Everton,05/03/2023,Nottingham Forest,Everton,2,2,2023
25,Premier League,Liverpool vs Manchester United,05/03/2023,Liverpool,Manchester United,7,0,2023
26,Premier League,Brentford vs Fulham,06/03/2023,Brentford,Fulham,3,2,2023
26,Premier League,AFC Bournemouth vs Liverpool,11/03/2023,AFC Bournemouth,Liverpool,1,0,2023
26,Premier League,Everton vs Brentford,11/03/2023,Everton,Brentford,1,0,2023
26,Premier League,Leeds United vs Brighton & Hove Albion,11/03/2023,Leeds United,Brighton & Hove Albion,2,2,2023
26,Premier League,Leicester City vs Chelsea,11/03/2023,Leicester City,Chelsea,1,3,2023
26,Premier League,Tottenham Hotspur vs Nottingham Forest,11/03/2023,Tottenham Hotspur,Nottingham Forest,3,1,2023
26,Premier League,Crystal Palace vs Manchester City,11/03/2023,Crystal Palace,Manchester City,0,1,2023
26,Premier League,Fulham vs Arsenal,12/03/2023,Fulham,Arsenal,0,3,2023
26,Premier League,Manchester United vs Southampton,12/03/2023,Manchester United,Southampton,0,0,2023
26,Premier League,West Ham United vs Aston Villa,12/03/2023,West Ham United,Aston Villa,1,1,2023
27,Premier League,Newcastle United vs Wolverhampton Wanderers,12/03/2023,Newcastle United,Wolverhampton Wanderers,2,1,2023
27,Premier League,Brighton & Hove Albion vs Crystal Palace,15/03/2023,Brighton & Hove Albion,Crystal Palace,1,0,2023
27,Premier League,Southampton vs Brentford,15/03/2023,Southampton,Brentford,0,2,2023
27,Premier League,Nottingham Forest vs Newcastle United,17/03/2023,Nottingham Forest,Newcastle United,1,2,2023
27,Premier League,Aston Villa vs AFC Bournemouth,18/03/2023,Aston Villa,AFC Bournemouth,3,0,2023
27,Premier League,Brentford vs Leicester City,18/03/2023,Brentford,Leicester City,1,1,2023
27,Premier League,Southampton vs Tottenham Hotspur,18/03/2023,Southampton,Tottenham Hotspur,3,3,2023
27,Premier League,Wolverhampton Wanderers vs Leeds United,18/03/2023,Wolverhampton Wanderers,Leeds United,2,4,2023
27,Premier League,Chelsea vs Everton,18/03/2023,Chelsea,Everton,2,2,2023
27,Premier League,Arsenal vs Crystal Palace,19/03/2023,Arsenal,Crystal Palace,4,1,2023
28,Premier League,Manchester City vs Liverpool,01/04/2023,Manchester City,Liverpool,4,1,2023
28,Premier League,Arsenal vs Leeds United,01/04/2023,Arsenal,Leeds United,4,1,2023
28,Premier League,AFC Bournemouth vs Fulham,01/04/2023,AFC Bournemouth,Fulham,2,1,2023
28,Premier League,Brighton & Hove Albion vs Brentford,01/04/2023,Brighton & Hove Albion,Brentford,3,3,2023
28,Premier League,Crystal Palace vs Leicester City,01/04/2023,Crystal Palace,Leicester City,2,1,2023
28,Premier League,Nottingham Forest vs Wolverhampton Wanderers,01/04/2023,Nottingham Forest,Wolverhampton Wanderers,1,1,2023
28,Premier League,Chelsea vs Aston Villa,01/04/2023,Chelsea,Aston Villa,0,2,2023
28,Premier League,West Ham United vs Southampton,02/04/2023,West Ham United,Southampton,1,0,2023
28,Premier League,Newcastle United vs Manchester United,02/04/2023,Newcastle United,Manchester United,2,0,2023
28,Premier League,Everton vs Tottenham Hotspur,03/04/2023,Everton,Tottenham Hotspur,1,1,2023
29,Premier League,AFC Bournemouth vs Brighton & Hove Albion,04/04/2023,AFC Bournemouth,Brighton & Hove Albion,0,2,2023
29,Premier League,Leeds United vs Nottingham Forest,04/04/2023,Leeds United,Nottingham Forest,2,1,2023
29,Premier League,Leicester City vs Aston Villa,04/04/2023,Leicester City,Aston Villa,1,2,2023
29,Premier League,Chelsea vs Liverpool,04/04/2023,Chelsea,Liverpool,0,0,2023
29,Premier League,Manchester United vs Brentford,05/04/2023,Manchester United,Brentford,1,0,2023
29,Premier League,West Ham United vs Newcastle United,05/04/2023,West Ham United,Newcastle United,1,5,2023
29,Premier League,Manchester United vs Everton,08/04/2023,Manchester United,Everton,2,0,2023
29,Premier League,Aston Villa vs Nottingham Forest,08/04/2023,Aston Villa,Nottingham Forest,2,0,2023
29,Premier League,Brentford vs Newcastle United,08/04/2023,Brentford,Newcastle United,1,2,2023
29,Premier League,Fulham vs West Ham United,08/04/2023,Fulham,West Ham United,0,1,2023
30,Premier League,Leicester City vs AFC Bournemouth,08/04/2023,Leicester City,AFC Bournemouth,0,1,2023
30,Premier League,Tottenham Hotspur vs Brighton & Hove Albion,08/04/2023,Tottenham Hotspur,Brighton & Hove Albion,2,1,2023
30,Premier League,Wolverhampton Wanderers vs Chelsea,08/04/2023,Wolverhampton Wanderers,Chelsea,1,0,2023
30,Premier League,Southampton vs Manchester City,08/04/2023,Southampton,Manchester City,1,4,2023
30,Premier League,Leeds United vs Crystal Palace,09/04/2023,Leeds United,Crystal Palace,1,5,2023
30,Premier League,Liverpool vs Arsenal,09/04/2023,Liverpool,Arsenal,2,2,2023
30,Premier League,Aston Villa vs Newcastle United,15/04/2023,Aston Villa,Newcastle United,3,0,2023
30,Premier League,Chelsea vs Brighton & Hove Albion,15/04/2023,Chelsea,Brighton & Hove Albion,1,2,2023
30,Premier League,Everton vs Fulham,15/04/2023,Everton,Fulham,1,3,2023
30,Premier League,Southampton vs Crystal Palace,15/04/2023,Southampton,Crystal Palace,0,2,2023
31,Premier League,Tottenham Hotspur vs AFC Bournemouth,15/04/2023,Tottenham Hotspur,AFC Bournemouth,2,3,2023
31,Premier League,Wolverhampton Wanderers vs Brentford,15/04/2023,Wolverhampton Wanderers,Brentford,2,0,2023
31,Premier League,Manchester City vs Leicester City,15/04/2023,Manchester City,Leicester City,3,1,2023
31,Premier League,West Ham United vs Arsenal,16/04/2023,West Ham United,Arsenal,2,2,2023
31,Premier League,Nottingham Forest vs Manchester United,16/04/2023,Nottingham Forest,Manchester United,0,2,2023
31,Premier League,Leeds United vs Liverpool,17/04/2023,Leeds United,Liverpool,1,6,2023
31,Premier League,Arsenal vs Southampton,21/04/2023,Arsenal,Southampton,3,3,2023
31,Premier League,Fulham vs Leeds United,22/04/2023,Fulham,Leeds United,2,1,2023
31,Premier League,Brentford vs Aston Villa,22/04/2023,Brentford,Aston Villa,1,1,2023
31,Premier League,Crystal Palace vs Everton,22/04/2023,Crystal Palace,Everton,0,0,2023
32,Premier League,Leicester City vs Wolverhampton Wanderers,22/04/2023,Leicester City,Wolverhampton Wanderers,2,1,2023
32,Premier League,Liverpool vs Nottingham Forest,22/04/2023,Liverpool,Nottingham Forest,3,2,2023
32,Premier League,AFC Bournemouth vs West Ham United,23/04/2023,AFC Bournemouth,West Ham United,0,4,2023
32,Premier League,Newcastle United vs Tottenham Hotspur,23/04/2023,Newcastle United,Tottenham Hotspur,6,1,2023
32,Premier League,Wolverhampton Wanderers vs Crystal Palace,25/04/2023,Wolverhampton Wanderers,Crystal Palace,2,0,2023
32,Premier League,Aston Villa vs Fulham,25/04/2023,Aston Villa,Fulham,1,0,2023
32,Premier League,Leeds United vs Leicester City,25/04/2023,Leeds United,Leicester City,1,1,2023
32,Premier League,Nottingham Forest vs Brighton & Hove Albion,26/04/2023,Nottingham Forest,Brighton & Hove Albion,3,1,2023
32,Premier League,Chelsea vs Brentford,26/04/2023,Chelsea,Brentford,0,2,2023
32,Premier League,West Ham United vs Liverpool,26/04/2023,West Ham United,Liverpool,1,2,2023
33,Premier League,Manchester City vs Arsenal,26/04/2023,Manchester City,Arsenal,4,1,2023
33,Premier League,Everton vs Newcastle United,27/04/2023,Everton,Newcastle United,1,4,2023
33,Premier League,Southampton vs AFC Bournemouth,27/04/2023,Southampton,AFC Bournemouth,0,1,2023
33,Premier League,Tottenham Hotspur vs Manchester United,27/04/2023,Tottenham Hotspur,Manchester United,2,2,2023
33,Premier League,Crystal Palace vs West Ham United,29/04/2023,Crystal Palace,West Ham United,4,3,2023
33,Premier League,Brentford vs Nottingham Forest,29/04/2023,Brentford,Nottingham Forest,2,1,2023
33,Premier League,Brighton & Hove Albion vs Wolverhampton Wanderers,29/04/2023,Brighton & Hove Albion,Wolverhampton Wanderers,6,0,2023
33,Premier League,AFC Bournemouth vs Leeds United,30/04/2023,AFC Bournemouth,Leeds United,4,1,2023
33,Premier League,Fulham vs Manchester City,30/04/2023,Fulham,Manchester City,1,2,2023
33,Premier League,Manchester United vs Aston Villa,30/04/2023,Manchester United,Aston Villa,1,0,2023
34,Premier League,Newcastle United vs Southampton,30/04/2023,Newcastle United,Southampton,3,1,2023
34,Premier League,Liverpool vs Tottenham Hotspur,30/04/2023,Liverpool,Tottenham Hotspur,4,3,2023
34,Premier League,Leicester City vs Everton,01/05/2023,Leicester City,Everton,2,2,2023
34,Premier League,Arsenal vs Chelsea,02/05/2023,Arsenal,Chelsea,3,1,2023
34,Premier League,Liverpool vs Fulham,03/05/2023,Liverpool,Fulham,1,0,2023
34,Premier League,Manchester City vs West Ham United,03/05/2023,Manchester City,West Ham United,3,0,2023
34,Premier League,Brighton & Hove Albion vs Manchester United,04/05/2023,Brighton & Hove Albion,Manchester United,1,0,2023
34,Premier League,AFC Bournemouth vs Chelsea,06/05/2023,AFC Bournemouth,Chelsea,1,3,2023
34,Premier League,Manchester City vs Leeds United,06/05/2023,Manchester City,Leeds United,2,1,2023
34,Premier League,Tottenham Hotspur vs Crystal Palace,06/05/2023,Tottenham Hotspur,Crystal Palace,1,0,2023
35,Premier League,Wolverhampton Wanderers vs Aston Villa,06/05/2023,Wolverhampton Wanderers,Aston Villa,1,0,2023
35,Premier League,Liverpool vs Brentford,06/05/2023,Liverpool,Brentford,1,0,2023
35,Premier League,Newcastle United vs Arsenal,07/05/2023,Newcastle United,Arsenal,0,2,2023
35,Premier League,West Ham United vs Manchester United,07/05/2023,West Ham United,Manchester United,1,0,2023
35,Premier League,Fulham vs Leicester City,08/05/2023,Fulham,Leicester City,5,3,2023
35,Premier League,Brighton & Hove Albion vs Everton,08/05/2023,Brighton & Hove Albion,Everton,1,5,2023
35,Premier League,Nottingham Forest vs Southampton,08/05/2023,Nottingham Forest,Southampton,4,3,2023
35,Premier League,Leeds United vs Newcastle United,13/05/2023,Leeds United,Newcastle United,2,2,2023
35,Premier League,Aston Villa vs Tottenham Hotspur,13/05/2023,Aston Villa,Tottenham Hotspur,2,1,2023
35,Premier League,Chelsea vs Nottingham Forest,13/05/2023,Chelsea,Nottingham Forest,2,2,2023
36,Premier League,Crystal Palace vs AFC Bournemouth,13/05/2023,Crystal Palace,AFC Bournemouth,2,0,2023
36,Premier League,Manchester United vs Wolverhampton Wanderers,13/05/2023,Manchester United,Wolverhampton Wanderers,2,0,2023
36,Premier League,Southampton vs Fulham,13/05/2023,Southampton,Fulham,0,2,2023
36,Premier League,Brentford vs West Ham United,14/05/2023,Brentford,West Ham United,2,0,2023
36,Premier League,Everton vs Manchester City,14/05/2023,Everton,Manchester City,0,3,2023
36,Premier League,Arsenal vs Brighton & Hove Albion,14/05/2023,Arsenal,Brighton & Hove Albion,0,3,2023
36,Premier League,Leicester City vs Liverpool,15/05/2023,Leicester City,Liverpool,0,3,2023
36,Premier League,Newcastle United vs Brighton & Hove Albion,18/05/2023,Newcastle United,Brighton & Hove Albion,4,1,2023
36,Premier League,Tottenham Hotspur vs Brentford,20/05/2023,Tottenham Hotspur,Brentford,1,3,2023
36,Premier League,AFC Bournemouth vs Manchester United,20/05/2023,AFC Bournemouth,Manchester United,0,1,2023
37,Premier League,Fulham vs Crystal Palace,20/05/2023,Fulham,Crystal Palace,2,2,2023
37,Premier League,Liverpool vs Aston Villa,20/05/2023,Liverpool,Aston Villa,1,1,2023
37,Premier League,Wolverhampton Wanderers vs Everton,20/05/2023,Wolverhampton Wanderers,Everton,1,1,2023
37,Premier League,Nottingham Forest vs Arsenal,20/05/2023,Nottingham Forest,Arsenal,1,0,2023
37,Premier League,West Ham United vs Leeds United,21/05/2023,West Ham United,Leeds United,3,1,2023
37,Premier League,Brighton & Hove Albion vs Southampton,21/05/2023,Brighton & Hove Albion,Southampton,3,1,2023
37,Premier League,Manchester City vs Chelsea,21/05/2023,Manchester City,Chelsea,1,0,2023
37,Premier League,Newcastle United vs Leicester City,22/05/2023,Newcastle United,Leicester City,0,0,2023
37,Premier League,Brighton & Hove Albion vs Manchester City,24/05/2023,Brighton & Hove Albion,Manchester City,1,1,2023
37,Premier League,Manchester United vs Chelsea,25/05/2023,Manchester United,Chelsea,4,1,2023
38,Premier League,Arsenal vs Wolverhampton Wanderers,28/05/2023,Arsenal,Wolverhampton Wanderers,5,0,2023
38,Premier League,Aston Villa vs Brighton & Hove Albion,28/05/2023,Aston Villa,Brighton & Hove Albion,2,1,2023
38,Premier League,Brentford vs Manchester City,28/05/2023,Brentford,Manchester City,1,0,2023
38,Premier League,Chelsea vs Newcastle United,28/05/2023,Chelsea,Newcastle United,1,1,2023
38,Premier League,Crystal Palace vs Nottingham Forest,28/05/2023,Crystal Palace,Nottingham Forest,1,1,2023
38,Premier League,Everton vs AFC Bournemouth,28/05/2023,Everton,AFC Bournemouth,1,0,2023
38,Premier League,Leeds United vs Tottenham Hotspur,28/05/2023,Leeds United,Tottenham Hotspur,1,4,2023
38,Premier League,Leicester City vs West Ham United,28/05/2023,Leicester City,West Ham United,2,1,2023
38,Premier League,Manchester United vs Fulham,28/05/2023,Manchester United,Fulham,2,1,2023
38,Premier League,Southampton vs Liverpool,28/05/2023,Southampton,Liverpool,4,4,2023
1,Premier League,Burnley vs Manchester City,11/08/2023,Burnley,Manchester City,0,3,2024
1,Premier League,Arsenal vs Nottingham Forest,12/08/2023,Arsenal,Nottingham Forest,2,1,2024
1,Premier League,AFC Bournemouth vs West Ham United,12/08/2023,AFC Bournemouth,West Ham United,1,1,2024
1,Premier League,Brighton & Hove Albion vs Luton Town,12/08/2023,Brighton & Hove Albion,Luton Town,4,1,2024
1,Premier League,Everton vs Fulham,12/08/2023,Everton,Fulham,0,1,2024
1,Premier League,Sheffield United vs Crystal Palace,12/08/2023,Sheffield United,Crystal Palace,0,1,2024
1,Premier League,Newcastle United vs Aston Villa,12/08/2023,Newcastle United,Aston Villa,5,1,2024
1,Premier League,Brentford vs Tottenham Hotspur,13/08/2023,Brentford,Tottenham Hotspur,2,2,2024
1,Premier League,Chelsea vs Liverpool,13/08/2023,Chelsea,Liverpool,1,1,2024
1,Premier League,Manchester United vs Wolverhampton Wanderers,14/08/2023,Manchester United,Wolverhampton Wanderers,1,0,2024
2,Premier League,Nottingham Forest vs Sheffield United,18/08/2023,Nottingham Forest,Sheffield United,2,1,2024
2,Premier League,Fulham vs Brentford,19/08/2023,Fulham,Brentford,0,3,2024
2,Premier League,Liverpool vs AFC Bournemouth,19/08/2023,Liverpool,AFC Bournemouth,3,1,2024
2,Premier League,Wolverhampton Wanderers vs Brighton & Hove Albion,19/08/2023,Wolverhampton Wanderers,Brighton & Hove Albion,1,4,2024
2,Premier League,Tottenham Hotspur vs Manchester United,19/08/2023,Tottenham Hotspur,Manchester United,2,0,2024
2,Premier League,Manchester City vs Newcastle United,19/08/2023,Manchester City,Newcastle United,1,0,2024
2,Premier League,Aston Villa vs Everton,20/08/2023,Aston Villa,Everton,4,0,2024
2,Premier League,West Ham United vs Chelsea,20/08/2023,West Ham United,Chelsea,3,1,2024
2,Premier League,Crystal Palace vs Arsenal,21/08/2023,Crystal Palace,Arsenal,0,1,2024
2,Premier League,Chelsea vs Luton Town,25/08/2023,Chelsea,Luton Town,3,0,2024
3,Premier League,AFC Bournemouth vs Tottenham Hotspur,26/08/2023,AFC Bournemouth,Tottenham Hotspur,0,2,2024
3,Premier League,Arsenal vs Fulham,26/08/2023,Arsenal,Fulham,2,2,2024
3,Premier League,Brentford vs Crystal Palace,26/08/2023,Brentford,Crystal Palace,1,1,2024
3,Premier League,Everton vs Wolverhampton Wanderers,26/08/2023,Everton,Wolverhampton Wanderers,0,1,2024
3,Premier League,Manchester United vs Nottingham Forest,26/08/2023,Manchester United,Nottingham Forest,3,2,2024
3,Premier League,Brighton & Hove Albion vs West Ham United,26/08/2023,Brighton & Hove Albion,West Ham United,1,3,2024
3,Premier League,Burnley vs Aston Villa,27/08/2023,Burnley,Aston Villa,1,3,2024
3,Premier League,Sheffield United vs Manchester City,27/08/2023,Sheffield United,Manchester City,1,2,2024
3,Premier League,Newcastle United vs Liverpool,27/08/2023,Newcastle United,Liverpool,1,2,2024
3,Premier League,Luton Town vs West Ham United,01/09/2023,Luton Town,West Ham United,1,2,2024
4,Premier League,Sheffield United vs Everton,02/09/2023,Sheffield United,Everton,2,2,2024
4,Premier League,Brentford vs AFC Bournemouth,02/09/2023,Brentford,AFC Bournemouth,2,2,2024
4,Premier League,Burnley vs Tottenham Hotspur,02/09/2023,Burnley,Tottenham Hotspur,2,5,2024
4,Premier League,Chelsea vs Nottingham Forest,02/09/2023,Chelsea,Nottingham Forest,0,1,2024
4,Premier League,Manchester City vs Fulham,02/09/2023,Manchester City,Fulham,5,1,2024
4,Premier League,Brighton & Hove Albion vs Newcastle United,02/09/2023,Brighton & Hove Albion,Newcastle United,3,1,2024
4,Premier League,Crystal Palace vs Wolverhampton Wanderers,03/09/2023,Crystal Palace,Wolverhampton Wanderers,3,2,2024
4,Premier League,Liverpool vs Aston Villa,03/09/2023,Liverpool,Aston Villa,3,0,2024
4,Premier League,Arsenal vs Manchester United,03/09/2023,Arsenal,Manchester United,3,1,2024
4,Premier League,Wolverhampton Wanderers vs Liverpool,16/09/2023,Wolverhampton Wanderers,Liverpool,1,3,2024
5,Premier League,Aston Villa vs Crystal Palace,16/09/2023,Aston Villa,Crystal Palace,3,1,2024
5,Premier League,Fulham vs Luton Town,16/09/2023,Fulham,Luton Town,1,0,2024
5,Premier League,Manchester United vs Brighton & Hove Albion,16/09/2023,Manchester United,Brighton & Hove Albion,1,3,2024
5,Premier League,Tottenham Hotspur vs Sheffield United,16/09/2023,Tottenham Hotspur,Sheffield United,2,1,2024
5,Premier League,West Ham United vs Manchester City,16/09/2023,West Ham United,Manchester City,1,3,2024
5,Premier League,Newcastle United vs Brentford,16/09/2023,Newcastle United,Brentford,1,0,2024
5,Premier League,AFC Bournemouth vs Chelsea,17/09/2023,AFC Bournemouth,Chelsea,0,0,2024
5,Premier League,Everton vs Arsenal,17/09/2023,Everton,Arsenal,0,1,2024
5,Premier League,Nottingham Forest vs Burnley,18/09/2023,Nottingham Forest,Burnley,1,1,2024
5,Premier League,Crystal Palace vs Fulham,23/09/2023,Crystal Palace,Fulham,0,0,2024
6,Premier League,Luton Town vs Wolverhampton Wanderers,23/09/2023,Luton Town,Wolverhampton Wanderers,1,1,2024
6,Premier League,Manchester City vs Nottingham Forest,23/09/2023,Manchester City,Nottingham Forest,2,0,2024
6,Premier League,Brentford vs Everton,23/09/2023,Brentford,Everton,1,3,2024
6,Premier League,Burnley vs Manchester United,23/09/2023,Burnley,Manchester United,0,1,2024
6,Premier League,Arsenal vs Tottenham Hotspur,24/09/2023,Arsenal,Tottenham Hotspur,2,2,2024
6,Premier League,Brighton & Hove Albion vs AFC Bournemouth,24/09/2023,Brighton & Hove Albion,AFC Bournemouth,3,1,2024
6,Premier League,Chelsea vs Aston Villa,24/09/2023,Chelsea,Aston Villa,0,1,2024
6,Premier League,Liverpool vs West Ham United,24/09/2023,Liverpool,West Ham United,3,1,2024
6,Premier League,Sheffield United vs Newcastle United,24/09/2023,Sheffield United,Newcastle United,0,8,2024
6,Premier League,Aston Villa vs Brighton & Hove Albion,30/09/2023,Aston Villa,Brighton & Hove Albion,6,1,2024
7,Premier League,AFC Bournemouth vs Arsenal,30/09/2023,AFC Bournemouth,Arsenal,0,4,2024
7,Premier League,Everton vs Luton Town,30/09/2023,Everton,Luton Town,1,2,2024
7,Premier League,Manchester United vs Crystal Palace,30/09/2023,Manchester United,Crystal Palace,0,1,2024
7,Premier League,Newcastle United vs Burnley,30/09/2023,Newcastle United,Burnley,2,0,2024
7,Premier League,West Ham United vs Sheffield United,30/09/2023,West Ham United,Sheffield United,2,0,2024
7,Premier League,Wolverhampton Wanderers vs Manchester City,30/09/2023,Wolverhampton Wanderers,Manchester City,2,1,2024
7,Premier League,Tottenham Hotspur vs Liverpool,30/09/2023,Tottenham Hotspur,Liverpool,2,1,2024
7,Premier League,Nottingham Forest vs Brentford,01/10/2023,Nottingham Forest,Brentford,1,1,2024
7,Premier League,Fulham vs Chelsea,02/10/2023,Fulham,Chelsea,0,2,2024
7,Premier League,Luton Town vs Burnley,03/10/2023,Luton Town,Burnley,1,2,2024
8,Premier League,Luton Town vs Tottenham Hotspur,07/10/2023,Luton Town,Tottenham Hotspur,0,1,2024
8,Premier League,Burnley vs Chelsea,07/10/2023,Burnley,Chelsea,1,4,2024
8,Premier League,Everton vs AFC Bournemouth,07/10/2023,Everton,AFC Bournemouth,3,0,2024
8,Premier League,Fulham vs Sheffield United,07/10/2023,Fulham,Sheffield United,3,1,2024
8,Premier League,Manchester United vs Brentford,07/10/2023,Manchester United,Brentford,2,1,2024
8,Premier League,Crystal Palace vs Nottingham Forest,07/10/2023,Crystal Palace,Nottingham Forest,0,0,2024
8,Premier League,Brighton & Hove Albion vs Liverpool,08/10/2023,Brighton & Hove Albion,Liverpool,2,2,2024
8,Premier League,West Ham United vs Newcastle United,08/10/2023,West Ham United,Newcastle United,2,2,2024
8,Premier League,Wolverhampton Wanderers vs Aston Villa,08/10/2023,Wolverhampton Wanderers,Aston Villa,1,1,2024
8,Premier League,Arsenal vs Manchester City,08/10/2023,Arsenal,Manchester City,1,0,2024
9,Premier League,Liverpool vs Everton,21/10/2023,Liverpool,Everton,2,0,2024
9,Premier League,AFC Bournemouth vs Wolverhampton Wanderers,21/10/2023,AFC Bournemouth,Wolverhampton Wanderers,1,2,2024
9,Premier League,Brentford vs Burnley,21/10/2023,Brentford,Burnley,3,0,2024
9,Premier League,Manchester City vs Brighton & Hove Albion,21/10/2023,Manchester City,Brighton & Hove Albion,2,1,2024
9,Premier League,Newcastle United vs Crystal Palace,21/10/2023,Newcastle United,Crystal Palace,4,0,2024
9,Premier League,Nottingham Forest vs Luton Town,21/10/2023,Nottingham Forest,Luton Town,2,2,2024
9,Premier League,Chelsea vs Arsenal,21/10/2023,Chelsea,Arsenal,2,2,2024
9,Premier League,Sheffield United vs Manchester United,21/10/2023,Sheffield United,Manchester United,1,2,2024
9,Premier League,Aston Villa vs West Ham United,22/10/2023,Aston Villa,West Ham United,4,1,2024
9,Premier League,Tottenham Hotspur vs Fulham,23/10/2023,Tottenham Hotspur,Fulham,2,0,2024
10,Premier League,Crystal Palace vs Tottenham Hotspur,27/10/2023,Crystal Palace,Tottenham Hotspur,1,2,2024
10,Premier League,Chelsea vs Brentford,28/10/2023,Chelsea,Brentford,0,2,2024
10,Premier League,Arsenal vs Sheffield United,28/10/2023,Arsenal,Sheffield United,5,0,2024
10,Premier League,AFC Bournemouth vs Burnley,28/10/2023,AFC Bournemouth,Burnley,2,1,2024
10,Premier League,Wolverhampton Wanderers vs Newcastle United,28/10/2023,Wolverhampton Wanderers,Newcastle United,2,2,2024
10,Premier League,West Ham United vs Everton,29/10/2023,West Ham United,Everton,0,1,2024
10,Premier League,Aston Villa vs Luton Town,29/10/2023,Aston Villa,Luton Town,3,1,2024
10,Premier League,Brighton & Hove Albion vs Fulham,29/10/2023,Brighton & Hove Albion,Fulham,1,1,2024
10,Premier League,Liverpool vs Nottingham Forest,29/10/2023,Liverpool,Nottingham Forest,3,0,2024
10,Premier League,Manchester United vs Manchester City,29/10/2023,Manchester United,Manchester City,0,3,2024
11,Premier League,Fulham vs Manchester United,04/11/2023,Fulham,Manchester United,0,1,2024
11,Premier League,Brentford vs West Ham United,04/11/2023,Brentford,West Ham United,3,2,2024
11,Premier League,Burnley vs Crystal Palace,04/11/2023,Burnley,Crystal Palace,0,2,2024
11,Premier League,Everton vs Brighton & Hove Albion,04/11/2023,Everton,Brighton & Hove Albion,1,1,2024
11,Premier League,Manchester City vs AFC Bournemouth,04/11/2023,Manchester City,AFC Bournemouth,6,1,2024
11,Premier League,Sheffield United vs Wolverhampton Wanderers,04/11/2023,Sheffield United,Wolverhampton Wanderers,2,1,2024
11,Premier League,Newcastle United vs Arsenal,04/11/2023,Newcastle United,Arsenal,1,0,2024
11,Premier League,Nottingham Forest vs Aston Villa,05/11/2023,Nottingham Forest,Aston Villa,2,0,2024
11,Premier League,Luton Town vs Liverpool,05/11/2023,Luton Town,Liverpool,1,1,2024
11,Premier League,Tottenham Hotspur vs Chelsea,06/11/2023,Tottenham Hotspur,Chelsea,1,4,2024
12,Premier League,Wolverhampton Wanderers vs Tottenham Hotspur,11/11/2023,Wolverhampton Wanderers,Tottenham Hotspur,2,1,2024
12,Premier League,Arsenal vs Burnley,11/11/2023,Arsenal,Burnley,3,1,2024
12,Premier League,Crystal Palace vs Everton,11/11/2023,Crystal Palace,Everton,2,3,2024
12,Premier League,Manchester United vs Luton Town,11/11/2023,Manchester United,Luton Town,1,0,2024
12,Premier League,AFC Bournemouth vs Newcastle United,11/11/2023,AFC Bournemouth,Newcastle United,2,0,2024
12,Premier League,Aston Villa vs Fulham,12/11/2023,Aston Villa,Fulham,3,1,2024
12,Premier League,Brighton & Hove Albion vs Sheffield United,12/11/2023,Brighton & Hove Albion,Sheffield United,1,1,2024
12,Premier League,Liverpool vs Brentford,12/11/2023,Liverpool,Brentford,3,0,2024
12,Premier League,West Ham United vs Nottingham Forest,12/11/2023,West Ham United,Nottingham Forest,3,2,2024
12,Premier League,Chelsea vs Manchester City,12/11/2023,Chelsea,Manchester City,4,4,2024
13,Premier League,Manchester City vs Liverpool,25/11/2023,Manchester City,Liverpool,1,1,2024
13,Premier League,Burnley vs West Ham United,25/11/2023,Burnley,West Ham United,1,2,2024
13,Premier League,Luton Town vs Crystal Palace,25/11/2023,Luton Town,Crystal Palace,2,1,2024
13,Premier League,Newcastle United vs Chelsea,25/11/2023,Newcastle United,Chelsea,4,1,2024
13,Premier League,Nottingham Forest vs Brighton & Hove Albion,25/11/2023,Nottingham Forest,Brighton & Hove Albion,2,3,2024
13,Premier League,Sheffield United vs AFC Bournemouth,25/11/2023,Sheffield United,AFC Bournemouth,1,3,2024
13,Premier League,Brentford vs Arsenal,25/11/2023,Brentford,Arsenal,0,1,2024
13,Premier League,Tottenham Hotspur vs Aston Villa,26/11/2023,Tottenham Hotspur,Aston Villa,1,2,2024
13,Premier League,Everton vs Manchester United,26/11/2023,Everton,Manchester United,0,3,2024
13,Premier League,Fulham vs Wolverhampton Wanderers,27/11/2023,Fulham,Wolverhampton Wanderers,3,2,2024
14,Premier League,Arsenal vs Wolverhampton Wanderers,02/12/2023,Arsenal,Wolverhampton Wanderers,2,1,2024
14,Premier League,Brentford vs Luton Town,02/12/2023,Brentford,Luton Town,3,1,2024
14,Premier League,Burnley vs Sheffield United,02/12/2023,Burnley,Sheffield United,5,0,2024
14,Premier League,Nottingham Forest vs Everton,02/12/2023,Nottingham Forest,Everton,0,1,2024
14,Premier League,Newcastle United vs Manchester United,02/12/2023,Newcastle United,Manchester United,1,0,2024
14,Premier League,AFC Bournemouth vs Aston Villa,03/12/2023,AFC Bournemouth,Aston Villa,2,2,2024
14,Premier League,Chelsea vs Brighton & Hove Albion,03/12/2023,Chelsea,Brighton & Hove Albion,3,2,2024
14,Premier League,Liverpool vs Fulham,03/12/2023,Liverpool,Fulham,4,3,2024
14,Premier League,West Ham United vs Crystal Palace,03/12/2023,West Ham United,Crystal Palace,1,1,2024
14,Premier League,Manchester City vs Tottenham Hotspur,03/12/2023,Manchester City,Tottenham Hotspur,3,3,2024
15,Premier League,Wolverhampton Wanderers vs Burnley,05/12/2023,Wolverhampton Wanderers,Burnley,1,0,2024
15,Premier League,Luton Town vs Arsenal,05/12/2023,Luton Town,Arsenal,3,4,2024
15,Premier League,Brighton & Hove Albion vs Brentford,06/12/2023,Brighton & Hove Albion,Brentford,2,1,2024
15,Premier League,Crystal Palace vs AFC Bournemouth,06/12/2023,Crystal Palace,AFC Bournemouth,0,2,2024
15,Premier League,Fulham vs Nottingham Forest,06/12/2023,Fulham,Nottingham Forest,5,0,2024
15,Premier League,Sheffield United vs Liverpool,06/12/2023,Sheffield United,Liverpool,0,2,2024
15,Premier League,Aston Villa vs Manchester City,06/12/2023,Aston Villa,Manchester City,1,0,2024
15,Premier League,Manchester United vs Chelsea,06/12/2023,Manchester United,Chelsea,2,1,2024
15,Premier League,Everton vs Newcastle United,07/12/2023,Everton,Newcastle United,3,0,2024
15,Premier League,Tottenham Hotspur vs West Ham United,07/12/2023,Tottenham Hotspur,West Ham United,1,2,2024
16,Premier League,Crystal Palace vs Liverpool,09/12/2023,Crystal Palace,Liverpool,1,2,2024
16,Premier League,Brighton & Hove Albion vs Burnley,09/12/2023,Brighton & Hove Albion,Burnley,1,1,2024
16,Premier League,Manchester United vs AFC Bournemouth,09/12/2023,Manchester United,AFC Bournemouth,0,3,2024
16,Premier League,Sheffield United vs Brentford,09/12/2023,Sheffield United,Brentford,1,0,2024
16,Premier League,Wolverhampton Wanderers vs Nottingham Forest,09/12/2023,Wolverhampton Wanderers,Nottingham Forest,1,1,2024
16,Premier League,Aston Villa vs Arsenal,09/12/2023,Aston Villa,Arsenal,1,0,2024
16,Premier League,Everton vs Chelsea,10/12/2023,Everton,Chelsea,2,0,2024
16,Premier League,Fulham vs West Ham United,10/12/2023,Fulham,West Ham United,5,0,2024
16,Premier League,Luton Town vs Manchester City,10/12/2023,Luton Town,Manchester City,1,2,2024
16,Premier League,Tottenham Hotspur vs Newcastle United,10/12/2023,Tottenham Hotspur,Newcastle United,4,1,2024
17,Premier League,Nottingham Forest vs Tottenham Hotspur,15/12/2023,Nottingham Forest,Tottenham Hotspur,0,2,2024
17,Premier League,Chelsea vs Sheffield United,16/12/2023,Chelsea,Sheffield United,2,0,2024
17,Premier League,Manchester City vs Crystal Palace,16/12/2023,Manchester City,Crystal Palace,2,2,2024
17,Premier League,Newcastle United vs Fulham,16/12/2023,Newcastle United,Fulham,3,0,2024
17,Premier League,Burnley vs Everton,16/12/2023,Burnley,Everton,0,2,2024
17,Premier League,Arsenal vs Brighton & Hove Albion,17/12/2023,Arsenal,Brighton & Hove Albion,2,0,2024
17,Premier League,Brentford vs Aston Villa,17/12/2023,Brentford,Aston Villa,1,2,2024
17,Premier League,West Ham United vs Wolverhampton Wanderers,17/12/2023,West Ham United,Wolverhampton Wanderers,3,0,2024
17,Premier League,Liverpool vs Manchester United,17/12/2023,Liverpool,Manchester United,0,0,2024
17,Premier League,Crystal Palace vs Brighton & Hove Albion,21/12/2023,Crystal Palace,Brighton & Hove Albion,1,1,2024
18,Premier League,Aston Villa vs Sheffield United,22/12/2023,Aston Villa,Sheffield United,1,1,2024
18,Premier League,West Ham United vs Manchester United,23/12/2023,West Ham United,Manchester United,2,0,2024
18,Premier League,Fulham vs Burnley,23/12/2023,Fulham,Burnley,0,2,2024
18,Premier League,Luton Town vs Newcastle United,23/12/2023,Luton Town,Newcastle United,1,0,2024
18,Premier League,Nottingham Forest vs AFC Bournemouth,23/12/2023,Nottingham Forest,AFC Bournemouth,2,3,2024
18,Premier League,Tottenham Hotspur vs Everton,23/12/2023,Tottenham Hotspur,Everton,2,1,2024
18,Premier League,Liverpool vs Arsenal,23/12/2023,Liverpool,Arsenal,1,1,2024
18,Premier League,Wolverhampton Wanderers vs Chelsea,24/12/2023,Wolverhampton Wanderers,Chelsea,2,1,2024
18,Premier League,Newcastle United vs Nottingham Forest,26/12/2023,Newcastle United,Nottingham Forest,1,3,2024
18,Premier League,AFC Bournemouth vs Fulham,26/12/2023,AFC Bournemouth,Fulham,3,0,2024
19,Premier League,Sheffield United vs Luton Town,26/12/2023,Sheffield United,Luton Town,2,3,2024
19,Premier League,Burnley vs Liverpool,26/12/2023,Burnley,Liverpool,0,2,2024
19,Premier League,Manchester United vs Aston Villa,26/12/2023,Manchester United,Aston Villa,3,2,2024
19,Premier League,Brentford vs Wolverhampton Wanderers,27/12/2023,Brentford,Wolverhampton Wanderers,1,4,2024
19,Premier League,Chelsea vs Crystal Palace,27/12/2023,Chelsea,Crystal Palace,2,1,2024
19,Premier League,Everton vs Manchester City,27/12/2023,Everton,Manchester City,1,3,2024
19,Premier League,Brighton & Hove Albion vs Tottenham Hotspur,28/12/2023,Brighton & Hove Albion,Tottenham Hotspur,4,2,2024
19,Premier League,Arsenal vs West Ham United,28/12/2023,Arsenal,West Ham United,0,2,2024
19,Premier League,Luton Town vs Chelsea,30/12/2023,Luton Town,Chelsea,2,3,2024
19,Premier League,Aston Villa vs Burnley,30/12/2023,Aston Villa,Burnley,3,2,2024
20,Premier League,Crystal Palace vs Brentford,30/12/2023,Crystal Palace,Brentford,3,1,2024
20,Premier League,Manchester City vs Sheffield United,30/12/2023,Manchester City,Sheffield United,2,0,2024
20,Premier League,Wolverhampton Wanderers vs Everton,30/12/2023,Wolverhampton Wanderers,Everton,3,0,2024
20,Premier League,Nottingham Forest vs Manchester United,30/12/2023,Nottingham Forest,Manchester United,2,1,2024
20,Premier League,Fulham vs Arsenal,31/12/2023,Fulham,Arsenal,2,1,2024
20,Premier League,Tottenham Hotspur vs AFC Bournemouth,31/12/2023,Tottenham Hotspur,AFC Bournemouth,3,1,2024
20,Premier League,Liverpool vs Newcastle United,01/01/2024,Liverpool,Newcastle United,4,2,2024
20,Premier League,West Ham United vs Brighton & Hove Albion,02/01/2024,West Ham United,Brighton & Hove Albion,0,0,2024
20,Premier League,Burnley vs Luton Town,12/01/2024,Burnley,Luton Town,1,1,2024
20,Premier League,Chelsea vs Fulham,13/01/2024,Chelsea,Fulham,1,0,2024
21,Premier League,Newcastle United vs Manchester City,13/01/2024,Newcastle United,Manchester City,2,3,2024
21,Premier League,Everton vs Aston Villa,14/01/2024,Everton,Aston Villa,0,0,2024
21,Premier League,Manchester United vs Tottenham Hotspur,14/01/2024,Manchester United,Tottenham Hotspur,2,2,2024
21,Premier League,Arsenal vs Crystal Palace,20/01/2024,Arsenal,Crystal Palace,5,0,2024
21,Premier League,Brentford vs Nottingham Forest,20/01/2024,Brentford,Nottingham Forest,3,2,2024
21,Premier League,Sheffield United vs West Ham United,21/01/2024,Sheffield United,West Ham United,2,2,2024
21,Premier League,AFC Bournemouth vs Liverpool,21/01/2024,AFC Bournemouth,Liverpool,0,4,2024
21,Premier League,Brighton & Hove Albion vs Wolverhampton Wanderers,22/01/2024,Brighton & Hove Albion,Wolverhampton Wanderers,0,0,2024
21,Premier League,Nottingham Forest vs Arsenal,30/01/2024,Nottingham Forest,Arsenal,1,2,2024
21,Premier League,Fulham vs Everton,30/01/2024,Fulham,Everton,0,0,2024
22,Premier League,Luton Town vs Brighton & Hove Albion,30/01/2024,Luton Town,Brighton & Hove Albion,4,0,2024
22,Premier League,Crystal Palace vs Sheffield United,30/01/2024,Crystal Palace,Sheffield United,3,2,2024
22,Premier League,Aston Villa vs Newcastle United,30/01/2024,Aston Villa,Newcastle United,1,3,2024
22,Premier League,Manchester City vs Burnley,31/01/2024,Manchester City,Burnley,3,1,2024
22,Premier League,Tottenham Hotspur vs Brentford,31/01/2024,Tottenham Hotspur,Brentford,3,2,2024
22,Premier League,Liverpool vs Chelsea,31/01/2024,Liverpool,Chelsea,4,1,2024
22,Premier League,West Ham United vs AFC Bournemouth,01/02/2024,West Ham United,AFC Bournemouth,1,1,2024
22,Premier League,Wolverhampton Wanderers vs Manchester United,01/02/2024,Wolverhampton Wanderers,Manchester United,3,4,2024
22,Premier League,Everton vs Tottenham Hotspur,03/02/2024,Everton,Tottenham Hotspur,2,2,2024
22,Premier League,Brighton & Hove Albion vs Crystal Palace,03/02/2024,Brighton & Hove Albion,Crystal Palace,4,1,2024
23,Premier League,Burnley vs Fulham,03/02/2024,Burnley,Fulham,2,2,2024
23,Premier League,Newcastle United vs Luton Town,03/02/2024,Newcastle United,Luton Town,4,4,2024
23,Premier League,Sheffield United vs Aston Villa,03/02/2024,Sheffield United,Aston Villa,0,5,2024
23,Premier League,AFC Bournemouth vs Nottingham Forest,04/02/2024,AFC Bournemouth,Nottingham Forest,1,1,2024
23,Premier League,Chelsea vs Wolverhampton Wanderers,04/02/2024,Chelsea,Wolverhampton Wanderers,2,4,2024
23,Premier League,Manchester United vs West Ham United,04/02/2024,Manchester United,West Ham United,3,0,2024
23,Premier League,Arsenal vs Liverpool,04/02/2024,Arsenal,Liverpool,3,1,2024
23,Premier League,Brentford vs Manchester City,05/02/2024,Brentford,Manchester City,1,3,2024
23,Premier League,Manchester City vs Everton,10/02/2024,Manchester City,Everton,2,0,2024
23,Premier League,Fulham vs AFC Bournemouth,10/02/2024,Fulham,AFC Bournemouth,3,1,2024
24,Premier League,Liverpool vs Burnley,10/02/2024,Liverpool,Burnley,3,1,2024
24,Premier League,Luton Town vs Sheffield United,10/02/2024,Luton Town,Sheffield United,1,3,2024
24,Premier League,Tottenham Hotspur vs Brighton & Hove Albion,10/02/2024,Tottenham Hotspur,Brighton & Hove Albion,2,1,2024
24,Premier League,Wolverhampton Wanderers vs Brentford,10/02/2024,Wolverhampton Wanderers,Brentford,0,2,2024
24,Premier League,Nottingham Forest vs Newcastle United,10/02/2024,Nottingham Forest,Newcastle United,2,3,2024
24,Premier League,West Ham United vs Arsenal,11/02/2024,West Ham United,Arsenal,0,6,2024
24,Premier League,Aston Villa vs Manchester United,11/02/2024,Aston Villa,Manchester United,1,2,2024
24,Premier League,Crystal Palace vs Chelsea,12/02/2024,Crystal Palace,Chelsea,1,3,2024
24,Premier League,Brentford vs Liverpool,17/02/2024,Brentford,Liverpool,1,4,2024
24,Premier League,Burnley vs Arsenal,17/02/2024,Burnley,Arsenal,0,5,2024
25,Premier League,Fulham vs Aston Villa,17/02/2024,Fulham,Aston Villa,1,2,2024
25,Premier League,Newcastle United vs AFC Bournemouth,17/02/2024,Newcastle United,AFC Bournemouth,2,2,2024
25,Premier League,Nottingham Forest vs West Ham United,17/02/2024,Nottingham Forest,West Ham United,2,0,2024
25,Premier League,Tottenham Hotspur vs Wolverhampton Wanderers,17/02/2024,Tottenham Hotspur,Wolverhampton Wanderers,1,2,2024
25,Premier League,Manchester City vs Chelsea,17/02/2024,Manchester City,Chelsea,1,1,2024
25,Premier League,Sheffield United vs Brighton & Hove Albion,18/02/2024,Sheffield United,Brighton & Hove Albion,0,5,2024
25,Premier League,Luton Town vs Manchester United,18/02/2024,Luton Town,Manchester United,1,2,2024
25,Premier League,Everton vs Crystal Palace,19/02/2024,Everton,Crystal Palace,1,1,2024
25,Premier League,Manchester City vs Brentford,20/02/2024,Manchester City,Brentford,1,0,2024
25,Premier League,Liverpool vs Luton Town,21/02/2024,Liverpool,Luton Town,4,1,2024
26,Premier League,Aston Villa vs Nottingham Forest,24/02/2024,Aston Villa,Nottingham Forest,4,2,2024
26,Premier League,Brighton & Hove Albion vs Everton,24/02/2024,Brighton & Hove Albion,Everton,1,1,2024
26,Premier League,Crystal Palace vs Burnley,24/02/2024,Crystal Palace,Burnley,3,0,2024
26,Premier League,Manchester United vs Fulham,24/02/2024,Manchester United,Fulham,1,2,2024
26,Premier League,AFC Bournemouth vs Manchester City,24/02/2024,AFC Bournemouth,Manchester City,0,1,2024
26,Premier League,Arsenal vs Newcastle United,24/02/2024,Arsenal,Newcastle United,4,1,2024
26,Premier League,Wolverhampton Wanderers vs Sheffield United,25/02/2024,Wolverhampton Wanderers,Sheffield United,1,0,2024
26,Premier League,West Ham United vs Brentford,26/02/2024,West Ham United,Brentford,4,2,2024
26,Premier League,Brentford vs Chelsea,02/03/2024,Brentford,Chelsea,2,2,2024
26,Premier League,Everton vs West Ham United,02/03/2024,Everton,West Ham United,1,3,2024
27,Premier League,Fulham vs Brighton & Hove Albion,02/03/2024,Fulham,Brighton & Hove Albion,3,0,2024
27,Premier League,Newcastle United vs Wolverhampton Wanderers,02/03/2024,Newcastle United,Wolverhampton Wanderers,3,0,2024
27,Premier League,Nottingham Forest vs Liverpool,02/03/2024,Nottingham Forest,Liverpool,0,1,2024
27,Premier League,Tottenham Hotspur vs Crystal Palace,02/03/2024,Tottenham Hotspur,Crystal Palace,3,1,2024
27,Premier League,Luton Town vs Aston Villa,02/03/2024,Luton Town,Aston Villa,2,3,2024
27,Premier League,Burnley vs AFC Bournemouth,03/03/2024,Burnley,AFC Bournemouth,0,2,2024
27,Premier League,Manchester City vs Manchester United,03/03/2024,Manchester City,Manchester United,3,1,2024
27,Premier League,Sheffield United vs Arsenal,04/03/2024,Sheffield United,Arsenal,0,6,2024
27,Premier League,Manchester United vs Everton,09/03/2024,Manchester United,Everton,2,0,2024
27,Premier League,AFC Bournemouth vs Sheffield United,09/03/2024,AFC Bournemouth,Sheffield United,2,2,2024
28,Premier League,Crystal Palace vs Luton Town,09/03/2024,Crystal Palace,Luton Town,1,1,2024
28,Premier League,Wolverhampton Wanderers vs Fulham,09/03/2024,Wolverhampton Wanderers,Fulham,2,1,2024
28,Premier League,Arsenal vs Brentford,09/03/2024,Arsenal,Brentford,2,1,2024
28,Premier League,Aston Villa vs Tottenham Hotspur,10/03/2024,Aston Villa,Tottenham Hotspur,0,4,2024
28,Premier League,Brighton & Hove Albion vs Nottingham Forest,10/03/2024,Brighton & Hove Albion,Nottingham Forest,1,0,2024
28,Premier League,West Ham United vs Burnley,10/03/2024,West Ham United,Burnley,2,2,2024
28,Premier League,Liverpool vs Manchester City,10/03/2024,Liverpool,Manchester City,1,1,2024
28,Premier League,Chelsea vs Newcastle United,11/03/2024,Chelsea,Newcastle United,3,2,2024
28,Premier League,AFC Bournemouth vs Luton Town,13/03/2024,AFC Bournemouth,Luton Town,4,3,2024
28,Premier League,Burnley vs Brentford,16/03/2024,Burnley,Brentford,2,1,2024
29,Premier League,Luton Town vs Nottingham Forest,16/03/2024,Luton Town,Nottingham Forest,1,1,2024
29,Premier League,Fulham vs Tottenham Hotspur,16/03/2024,Fulham,Tottenham Hotspur,3,0,2024
29,Premier League,West Ham United vs Aston Villa,17/03/2024,West Ham United,Aston Villa,1,1,2024
29,Premier League,Newcastle United vs West Ham United,30/03/2024,Newcastle United,West Ham United,4,3,2024
29,Premier League,AFC Bournemouth vs Everton,30/03/2024,AFC Bournemouth,Everton,2,1,2024
29,Premier League,Chelsea vs Burnley,30/03/2024,Chelsea,Burnley,2,2,2024
29,Premier League,Nottingham Forest vs Crystal Palace,30/03/2024,Nottingham Forest,Crystal Palace,1,1,2024
29,Premier League,Sheffield United vs Fulham,30/03/2024,Sheffield United,Fulham,3,3,2024
29,Premier League,Tottenham Hotspur vs Luton Town,30/03/2024,Tottenham Hotspur,Luton Town,2,1,2024
29,Premier League,Aston Villa vs Wolverhampton Wanderers,30/03/2024,Aston Villa,Wolverhampton Wanderers,2,0,2024
30,Premier League,Brentford vs Manchester United,30/03/2024,Brentford,Manchester United,1,1,2024
30,Premier League,Liverpool vs Brighton & Hove Albion,31/03/2024,Liverpool,Brighton & Hove Albion,2,1,2024
30,Premier League,Manchester City vs Arsenal,31/03/2024,Manchester City,Arsenal,0,0,2024
30,Premier League,Newcastle United vs Everton,02/04/2024,Newcastle United,Everton,1,1,2024
30,Premier League,Nottingham Forest vs Fulham,02/04/2024,Nottingham Forest,Fulham,3,1,2024
30,Premier League,AFC Bournemouth vs Crystal Palace,02/04/2024,AFC Bournemouth,Crystal Palace,1,0,2024
30,Premier League,Burnley vs Wolverhampton Wanderers,02/04/2024,Burnley,Wolverhampton Wanderers,1,1,2024
30,Premier League,West Ham United vs Tottenham Hotspur,02/04/2024,West Ham United,Tottenham Hotspur,1,1,2024
30,Premier League,Arsenal vs Luton Town,03/04/2024,Arsenal,Luton Town,2,0,2024
30,Premier League,Brentford vs Brighton & Hove Albion,03/04/2024,Brentford,Brighton & Hove Albion,0,0,2024
31,Premier League,Manchester City vs Aston Villa,03/04/2024,Manchester City,Aston Villa,4,1,2024
31,Premier League,Liverpool vs Sheffield United,04/04/2024,Liverpool,Sheffield United,3,1,2024
31,Premier League,Chelsea vs Manchester United,04/04/2024,Chelsea,Manchester United,4,3,2024
31,Premier League,Crystal Palace vs Manchester City,06/04/2024,Crystal Palace,Manchester City,2,4,2024
31,Premier League,Aston Villa vs Brentford,06/04/2024,Aston Villa,Brentford,3,3,2024
31,Premier League,Everton vs Burnley,06/04/2024,Everton,Burnley,1,0,2024
31,Premier League,Fulham vs Newcastle United,06/04/2024,Fulham,Newcastle United,0,1,2024
31,Premier League,Luton Town vs AFC Bournemouth,06/04/2024,Luton Town,AFC Bournemouth,2,1,2024
31,Premier League,Wolverhampton Wanderers vs West Ham United,06/04/2024,Wolverhampton Wanderers,West Ham United,1,2,2024
31,Premier League,Brighton & Hove Albion vs Arsenal,06/04/2024,Brighton & Hove Albion,Arsenal,0,3,2024
32,Premier League,Manchester United vs Liverpool,07/04/2024,Manchester United,Liverpool,2,2,2024
32,Premier League,Sheffield United vs Chelsea,07/04/2024,Sheffield United,Chelsea,2,2,2024
32,Premier League,Tottenham Hotspur vs Nottingham Forest,07/04/2024,Tottenham Hotspur,Nottingham Forest,3,1,2024
32,Premier League,Newcastle United vs Tottenham Hotspur,13/04/2024,Newcastle United,Tottenham Hotspur,4,0,2024
32,Premier League,Brentford vs Sheffield United,13/04/2024,Brentford,Sheffield United,2,0,2024
32,Premier League,Burnley vs Brighton & Hove Albion,13/04/2024,Burnley,Brighton & Hove Albion,1,1,2024
32,Premier League,Manchester City vs Luton Town,13/04/2024,Manchester City,Luton Town,5,1,2024
32,Premier League,Nottingham Forest vs Wolverhampton Wanderers,13/04/2024,Nottingham Forest,Wolverhampton Wanderers,2,2,2024
32,Premier League,AFC Bournemouth vs Manchester United,13/04/2024,AFC Bournemouth,Manchester United,2,2,2024
32,Premier League,Liverpool vs Crystal Palace,14/04/2024,Liverpool,Crystal Palace,0,1,2024
33,Premier League,West Ham United vs Fulham,14/04/2024,West Ham United,Fulham,0,2,2024
33,Premier League,Arsenal vs Aston Villa,14/04/2024,Arsenal,Aston Villa,0,2,2024
33,Premier League,Chelsea vs Everton,15/04/2024,Chelsea,Everton,6,0,2024
33,Premier League,Luton Town vs Brentford,20/04/2024,Luton Town,Brentford,1,5,2024
33,Premier League,Sheffield United vs Burnley,20/04/2024,Sheffield United,Burnley,1,4,2024
33,Premier League,Wolverhampton Wanderers vs Arsenal,20/04/2024,Wolverhampton Wanderers,Arsenal,0,2,2024
33,Premier League,Everton vs Nottingham Forest,21/04/2024,Everton,Nottingham Forest,2,0,2024
33,Premier League,Aston Villa vs AFC Bournemouth,21/04/2024,Aston Villa,AFC Bournemouth,3,1,2024
33,Premier League,Crystal Palace vs West Ham United,21/04/2024,Crystal Palace,West Ham United,5,2,2024
33,Premier League,Fulham vs Liverpool,21/04/2024,Fulham,Liverpool,1,3,2024
34,Premier League,Arsenal vs Chelsea,23/04/2024,Arsenal,Chelsea,5,0,2024
34,Premier League,Wolverhampton Wanderers vs AFC Bournemouth,24/04/2024,Wolverhampton Wanderers,AFC Bournemouth,0,1,2024
34,Premier League,Crystal Palace vs Newcastle United,24/04/2024,Crystal Palace,Newcastle United,2,0,2024
34,Premier League,Everton vs Liverpool,24/04/2024,Everton,Liverpool,2,0,2024
34,Premier League,Manchester United vs Sheffield United,24/04/2024,Manchester United,Sheffield United,4,2,2024
34,Premier League,Brighton & Hove Albion vs Manchester City,25/04/2024,Brighton & Hove Albion,Manchester City,0,4,2024
34,Premier League,West Ham United vs Liverpool,27/04/2024,West Ham United,Liverpool,2,2,2024
34,Premier League,Fulham vs Crystal Palace,27/04/2024,Fulham,Crystal Palace,1,1,2024
34,Premier League,Manchester United vs Burnley,27/04/2024,Manchester United,Burnley,1,1,2024
34,Premier League,Newcastle United vs Sheffield United,27/04/2024,Newcastle United,Sheffield United,5,1,2024
35,Premier League,Wolverhampton Wanderers vs Luton Town,27/04/2024,Wolverhampton Wanderers,Luton Town,2,1,2024
35,Premier League,Everton vs Brentford,27/04/2024,Everton,Brentford,1,0,2024
35,Premier League,Aston Villa vs Chelsea,27/04/2024,Aston Villa,Chelsea,2,2,2024
35,Premier League,AFC Bournemouth vs Brighton & Hove Albion,28/04/2024,AFC Bournemouth,Brighton & Hove Albion,3,0,2024
35,Premier League,Tottenham Hotspur vs Arsenal,28/04/2024,Tottenham Hotspur,Arsenal,2,3,2024
35,Premier League,Nottingham Forest vs Manchester City,28/04/2024,Nottingham Forest,Manchester City,0,2,2024
35,Premier League,Chelsea vs Tottenham Hotspur,02/05/2024,Chelsea,Tottenham Hotspur,2,0,2024
35,Premier League,Luton Town vs Everton,03/05/2024,Luton Town,Everton,1,1,2024
35,Premier League,Arsenal vs AFC Bournemouth,04/05/2024,Arsenal,AFC Bournemouth,3,0,2024
35,Premier League,Brentford vs Fulham,04/05/2024,Brentford,Fulham,0,0,2024
36,Premier League,Burnley vs Newcastle United,04/05/2024,Burnley,Newcastle United,1,4,2024
36,Premier League,Sheffield United vs Nottingham Forest,04/05/2024,Sheffield United,Nottingham Forest,1,3,2024
36,Premier League,Manchester City vs Wolverhampton Wanderers,04/05/2024,Manchester City,Wolverhampton Wanderers,5,1,2024
36,Premier League,Brighton & Hove Albion vs Aston Villa,05/05/2024,Brighton & Hove Albion,Aston Villa,1,0,2024
36,Premier League,Chelsea vs West Ham United,05/05/2024,Chelsea,West Ham United,5,0,2024
36,Premier League,Liverpool vs Tottenham Hotspur,05/05/2024,Liverpool,Tottenham Hotspur,4,2,2024
36,Premier League,Crystal Palace vs Manchester United,06/05/2024,Crystal Palace,Manchester United,4,0,2024
36,Premier League,Fulham vs Manchester City,11/05/2024,Fulham,Manchester City,0,4,2024
36,Premier League,AFC Bournemouth vs Brentford,11/05/2024,AFC Bournemouth,Brentford,1,2,2024
36,Premier League,Everton vs Sheffield United,11/05/2024,Everton,Sheffield United,1,0,2024
37,Premier League,Newcastle United vs Brighton & Hove Albion,11/05/2024,Newcastle United,Brighton & Hove Albion,1,1,2024
37,Premier League,Tottenham Hotspur vs Burnley,11/05/2024,Tottenham Hotspur,Burnley,2,1,2024
37,Premier League,West Ham United vs Luton Town,11/05/2024,West Ham United,Luton Town,3,1,2024
37,Premier League,Wolverhampton Wanderers vs Crystal Palace,11/05/2024,Wolverhampton Wanderers,Crystal Palace,1,3,2024
37,Premier League,Nottingham Forest vs Chelsea,11/05/2024,Nottingham Forest,Chelsea,2,3,2024
37,Premier League,Manchester United vs Arsenal,12/05/2024,Manchester United,Arsenal,0,1,2024
37,Premier League,Aston Villa vs Liverpool,13/05/2024,Aston Villa,Liverpool,3,3,2024
37,Premier League,Tottenham Hotspur vs Manchester City,14/05/2024,Tottenham Hotspur,Manchester City,0,2,2024
37,Premier League,Brighton & Hove Albion vs Chelsea,15/05/2024,Brighton & Hove Albion,Chelsea,1,2,2024
37,Premier League,Manchester United vs Newcastle United,15/05/2024,Manchester United,Newcastle United,3,2,2024
38,Premier League,Arsenal vs Everton,19/05/2024,Arsenal,Everton,2,1,2024
38,Premier League,Brentford vs Newcastle United,19/05/2024,Brentford,Newcastle United,2,4,2024
38,Premier League,Brighton & Hove Albion vs Manchester United,19/05/2024,Brighton & Hove Albion,Manchester United,0,2,2024
38,Premier League,Burnley vs Nottingham Forest,19/05/2024,Burnley,Nottingham Forest,1,2,2024
38,Premier League,Chelsea vs AFC Bournemouth,19/05/2024,Chelsea,AFC Bournemouth,2,1,2024
38,Premier League,Crystal Palace vs Aston Villa,19/05/2024,Crystal Palace,Aston Villa,5,0,2024
38,Premier League,Liverpool vs Wolverhampton Wanderers,19/05/2024,Liverpool,Wolverhampton Wanderers,2,0,2024
38,Premier League,Luton Town vs Fulham,19/05/2024,Luton Town,Fulham,2,4,2024
38,Premier League,Manchester City vs West Ham United,19/05/2024,Manchester City,West Ham United,3,1,2024
38,Premier League,Sheffield United vs Tottenham Hotspur,19/05/2024,Sheffield United,Tottenham Hotspur,0,3,2024
1,Premier League,Manchester United vs Fulham,16/08/2024,Manchester United,Fulham,1,0,2025
1,Premier League,Ipswich Town vs Liverpool,17/08/2024,Ipswich Town,Liverpool,0,2,2025
1,Premier League,Arsenal vs Wolverhampton Wanderers,17/08/2024,Arsenal,Wolverhampton Wanderers,2,0,2025
1,Premier League,Everton vs Brighton & Hove Albion,17/08/2024,Everton,Brighton & Hove Albion,0,3,2025
1,Premier League,Newcastle United vs Southampton,17/08/2024,Newcastle United,Southampton,1,0,2025
1,Premier League,Nottingham Forest vs AFC Bournemouth,17/08/2024,Nottingham Forest,AFC Bournemouth,1,1,2025
1,Premier League,West Ham United vs Aston Villa,17/08/2024,West Ham United,Aston Villa,1,2,2025
1,Premier League,Brentford vs Crystal Palace,18/08/2024,Brentford,Crystal Palace,2,1,2025
1,Premier League,Chelsea vs Manchester City,18/08/2024,Chelsea,Manchester City,0,2,2025
1,Premier League,Leicester City vs Tottenham Hotspur,19/08/2024,Leicester City,Tottenham Hotspur,1,1,2025
2,Premier League,Brighton & Hove Albion vs Manchester United,24/08/2024,Brighton & Hove Albion,Manchester United,2,1,2025
2,Premier League,Crystal Palace vs West Ham United,24/08/2024,Crystal Palace,West Ham United,0,2,2025
2,Premier League,Fulham vs Leicester City,24/08/2024,Fulham,Leicester City,2,1,2025
2,Premier League,Manchester City vs Ipswich Town,24/08/2024,Manchester City,Ipswich Town,4,1,2025
2,Premier League,Southampton vs Nottingham Forest,24/08/2024,Southampton,Nottingham Forest,0,1,2025
2,Premier League,Tottenham Hotspur vs Everton,24/08/2024,Tottenham Hotspur,Everton,4,0,2025
2,Premier League,Aston Villa vs Arsenal,24/08/2024,Aston Villa,Arsenal,0,2,2025
2,Premier League,AFC Bournemouth vs Newcastle United,25/08/2024,AFC Bournemouth,Newcastle United,1,1,2025
2,Premier League,Wolverhampton Wanderers vs Chelsea,25/08/2024,Wolverhampton Wanderers,Chelsea,2,6,2025
2,Premier League,Liverpool vs Brentford,25/08/2024,Liverpool,Brentford,2,0,2025
3,Premier League,Arsenal vs Brighton & Hove Albion,31/08/2024,Arsenal,Brighton & Hove Albion,1,1,2025
3,Premier League,Brentford vs Southampton,31/08/2024,Brentford,Southampton,3,1,2025
3,Premier League,Everton vs AFC Bournemouth,31/08/2024,Everton,AFC Bournemouth,2,3,2025
3,Premier League,Ipswich Town vs Fulham,31/08/2024,Ipswich Town,Fulham,1,1,2025
3,Premier League,Leicester City vs Aston Villa,31/08/2024,Leicester City,Aston Villa,1,2,2025
3,Premier League,Nottingham Forest vs Wolverhampton Wanderers,31/08/2024,Nottingham Forest,Wolverhampton Wanderers,1,1,2025
3,Premier League,West Ham United vs Manchester City,31/08/2024,West Ham United,Manchester City,1,3,2025
3,Premier League,Chelsea vs Crystal Palace,01/09/2024,Chelsea,Crystal Palace,1,1,2025
3,Premier League,Newcastle United vs Tottenham Hotspur,01/09/2024,Newcastle United,Tottenham Hotspur,2,1,2025
3,Premier League,Manchester United vs Liverpool,01/09/2024,Manchester United,Liverpool,0,3,2025
4,Premier League,Southampton vs Manchester United,14/09/2024,Southampton,Manchester United,0,3,2025
4,Premier League,Brighton & Hove Albion vs Ipswich Town,14/09/2024,Brighton & Hove Albion,Ipswich Town,0,0,2025
4,Premier League,Crystal Palace vs Leicester City,14/09/2024,Crystal Palace,Leicester City,2,2,2025
4,Premier League,Fulham vs West Ham United,14/09/2024,Fulham,West Ham United,1,1,2025
4,Premier League,Liverpool vs Nottingham Forest,14/09/2024,Liverpool,Nottingham Forest,0,1,2025
4,Premier League,Manchester City vs Brentford,14/09/2024,Manchester City,Brentford,2,1,2025
4,Premier League,Aston Villa vs Everton,14/09/2024,Aston Villa,Everton,3,2,2025
4,Premier League,AFC Bournemouth vs Chelsea,14/09/2024,AFC Bournemouth,Chelsea,0,1,2025
4,Premier League,Tottenham Hotspur vs Arsenal,15/09/2024,Tottenham Hotspur,Arsenal,0,1,2025
4,Premier League,Wolverhampton Wanderers vs Newcastle United,15/09/2024,Wolverhampton Wanderers,Newcastle United,1,2,2025
5,Premier League,West Ham United vs Chelsea,21/09/2024,West Ham United,Chelsea,0,3,2025
5,Premier League,Aston Villa vs Wolverhampton Wanderers,21/09/2024,Aston Villa,Wolverhampton Wanderers,3,1,2025
5,Premier League,Fulham vs Newcastle United,21/09/2024,Fulham,Newcastle United,3,1,2025
5,Premier League,Leicester City vs Everton,21/09/2024,Leicester City,Everton,1,1,2025
5,Premier League,Liverpool vs AFC Bournemouth,21/09/2024,Liverpool,AFC Bournemouth,3,0,2025
5,Premier League,Southampton vs Ipswich Town,21/09/2024,Southampton,Ipswich Town,1,1,2025
5,Premier League,Tottenham Hotspur vs Brentford,21/09/2024,Tottenham Hotspur,Brentford,3,1,2025
5,Premier League,Crystal Palace vs Manchester United,21/09/2024,Crystal Palace,Manchester United,0,0,2025
5,Premier League,Brighton & Hove Albion vs Nottingham Forest,22/09/2024,Brighton & Hove Albion,Nottingham Forest,2,2,2025
5,Premier League,Manchester City vs Arsenal,22/09/2024,Manchester City,Arsenal,2,2,2025
6,Premier League,Newcastle United vs Manchester City,28/09/2024,Newcastle United,Manchester City,1,1,2025
6,Premier League,Arsenal vs Leicester City,28/09/2024,Arsenal,Leicester City,4,2,2025
6,Premier League,Brentford vs West Ham United,28/09/2024,Brentford,West Ham United,1,1,2025
6,Premier League,Chelsea vs Brighton & Hove Albion,28/09/2024,Chelsea,Brighton & Hove Albion,4,2,2025
6,Premier League,Everton vs Crystal Palace,28/09/2024,Everton,Crystal Palace,2,1,2025
6,Premier League,Nottingham Forest vs Fulham,28/09/2024,Nottingham Forest,Fulham,0,1,2025
6,Premier League,Wolverhampton Wanderers vs Liverpool,28/09/2024,Wolverhampton Wanderers,Liverpool,1,2,2025
6,Premier League,Ipswich Town vs Aston Villa,29/09/2024,Ipswich Town,Aston Villa,2,2,2025
6,Premier League,Manchester United vs Tottenham Hotspur,29/09/2024,Manchester United,Tottenham Hotspur,0,3,2025
6,Premier League,AFC Bournemouth vs Southampton,30/09/2024,AFC Bournemouth,Southampton,3,1,2025
7,Premier League,Crystal Palace vs Liverpool,05/10/2024,Crystal Palace,Liverpool,0,1,2025
7,Premier League,Arsenal vs Southampton,05/10/2024,Arsenal,Southampton,3,1,2025
7,Premier League,Brentford vs Wolverhampton Wanderers,05/10/2024,Brentford,Wolverhampton Wanderers,5,3,2025
7,Premier League,Leicester City vs AFC Bournemouth,05/10/2024,Leicester City,AFC Bournemouth,1,0,2025
7,Premier League,Manchester City vs Fulham,05/10/2024,Manchester City,Fulham,3,2,2025
7,Premier League,West Ham United vs Ipswich Town,05/10/2024,West Ham United,Ipswich Town,4,1,2025
7,Premier League,Everton vs Newcastle United,05/10/2024,Everton,Newcastle United,0,0,2025
7,Premier League,Aston Villa vs Manchester United,06/10/2024,Aston Villa,Manchester United,0,0,2025
7,Premier League,Chelsea vs Nottingham Forest,06/10/2024,Chelsea,Nottingham Forest,1,1,2025
7,Premier League,Brighton & Hove Albion vs Tottenham Hotspur,06/10/2024,Brighton & Hove Albion,Tottenham Hotspur,3,2,2025
8,Premier League,Tottenham Hotspur vs West Ham United,19/10/2024,Tottenham Hotspur,West Ham United,4,1,2025
8,Premier League,Fulham vs Aston Villa,19/10/2024,Fulham,Aston Villa,1,3,2025
8,Premier League,Ipswich Town vs Everton,19/10/2024,Ipswich Town,Everton,0,2,2025
8,Premier League,Manchester United vs Brentford,19/10/2024,Manchester United,Brentford,2,1,2025
8,Premier League,Newcastle United vs Brighton & Hove Albion,19/10/2024,Newcastle United,Brighton & Hove Albion,0,1,2025
8,Premier League,Southampton vs Leicester City,19/10/2024,Southampton,Leicester City,2,3,2025
8,Premier League,AFC Bournemouth vs Arsenal,19/10/2024,AFC Bournemouth,Arsenal,2,0,2025
8,Premier League,Wolverhampton Wanderers vs Manchester City,20/10/2024,Wolverhampton Wanderers,Manchester City,1,2,2025
8,Premier League,Liverpool vs Chelsea,20/10/2024,Liverpool,Chelsea,2,1,2025
8,Premier League,Nottingham Forest vs Crystal Palace,21/10/2024,Nottingham Forest,Crystal Palace,1,0,2025
9,Premier League,Leicester City vs Nottingham Forest,25/10/2024,Leicester City,Nottingham Forest,1,3,2025
9,Premier League,Aston Villa vs AFC Bournemouth,26/10/2024,Aston Villa,AFC Bournemouth,1,1,2025
9,Premier League,Brentford vs Ipswich Town,26/10/2024,Brentford,Ipswich Town,4,3,2025
9,Premier League,Brighton & Hove Albion vs Wolverhampton Wanderers,26/10/2024,Brighton & Hove Albion,Wolverhampton Wanderers,2,2,2025
9,Premier League,Manchester City vs Southampton,26/10/2024,Manchester City,Southampton,1,0,2025
9,Premier League,Everton vs Fulham,26/10/2024,Everton,Fulham,1,1,2025
9,Premier League,Chelsea vs Newcastle United,27/10/2024,Chelsea,Newcastle United,2,1,2025
9,Premier League,Crystal Palace vs Tottenham Hotspur,27/10/2024,Crystal Palace,Tottenham Hotspur,1,0,2025
9,Premier League,West Ham United vs Manchester United,27/10/2024,West Ham United,Manchester United,2,1,2025
9,Premier League,Arsenal vs Liverpool,27/10/2024,Arsenal,Liverpool,2,2,2025
10,Premier League,Newcastle United vs Arsenal,02/11/2024,Newcastle United,Arsenal,1,0,2025
10,Premier League,AFC Bournemouth vs Manchester City,02/11/2024,AFC Bournemouth,Manchester City,2,1,2025
10,Premier League,Ipswich Town vs Leicester City,02/11/2024,Ipswich Town,Leicester City,1,1,2025
10,Premier League,Liverpool vs Brighton & Hove Albion,02/11/2024,Liverpool,Brighton & Hove Albion,2,1,2025
10,Premier League,Nottingham Forest vs West Ham United,02/11/2024,Nottingham Forest,West Ham United,3,0,2025
10,Premier League,Southampton vs Everton,02/11/2024,Southampton,Everton,1,0,2025
10,Premier League,Wolverhampton Wanderers vs Crystal Palace,02/11/2024,Wolverhampton Wanderers,Crystal Palace,2,2,2025
10,Premier League,Tottenham Hotspur vs Aston Villa,03/11/2024,Tottenham Hotspur,Aston Villa,4,1,2025
10,Premier League,Manchester United vs Chelsea,03/11/2024,Manchester United,Chelsea,1,1,2025
10,Premier League,Fulham vs Brentford,04/11/2024,Fulham,Brentford,2,1,2025
11,Premier League,Brentford vs AFC Bournemouth,09/11/2024,Brentford,AFC Bournemouth,3,2,2025
11,Premier League,Crystal Palace vs Fulham,09/11/2024,Crystal Palace,Fulham,0,2,2025
11,Premier League,West Ham United vs Everton,09/11/2024,West Ham United,Everton,0,0,2025
11,Premier League,Wolverhampton Wanderers vs Southampton,09/11/2024,Wolverhampton Wanderers,Southampton,2,0,2025
11,Premier League,Brighton & Hove Albion vs Manchester City,09/11/2024,Brighton & Hove Albion,Manchester City,2,1,2025
11,Premier League,Liverpool vs Aston Villa,09/11/2024,Liverpool,Aston Villa,2,0,2025
11,Premier League,Manchester United vs Leicester City,10/11/2024,Manchester United,Leicester City,3,0,2025
11,Premier League,Nottingham Forest vs Newcastle United,10/11/2024,Nottingham Forest,Newcastle United,1,3,2025
11,Premier League,Tottenham Hotspur vs Ipswich Town,10/11/2024,Tottenham Hotspur,Ipswich Town,1,2,2025
11,Premier League,Chelsea vs Arsenal,10/11/2024,Chelsea,Arsenal,1,1,2025
12,Premier League,Leicester City vs Chelsea,23/11/2024,Leicester City,Chelsea,1,2,2025
12,Premier League,Arsenal vs Nottingham Forest,23/11/2024,Arsenal,Nottingham Forest,3,0,2025
12,Premier League,Aston Villa vs Crystal Palace,23/11/2024,Aston Villa,Crystal Palace,2,2,2025
12,Premier League,AFC Bournemouth vs Brighton & Hove Albion,23/11/2024,AFC Bournemouth,Brighton & Hove Albion,1,2,2025
12,Premier League,Everton vs Brentford,23/11/2024,Everton,Brentford,0,0,2025
12,Premier League,Fulham vs Wolverhampton Wanderers,23/11/2024,Fulham,Wolverhampton Wanderers,1,4,2025
12,Premier League,Manchester City vs Tottenham Hotspur,23/11/2024,Manchester City,Tottenham Hotspur,0,4,2025
12,Premier League,Southampton vs Liverpool,24/11/2024,Southampton,Liverpool,2,3,2025
12,Premier League,Ipswich Town vs Manchester United,24/11/2024,Ipswich Town,Manchester United,1,1,2025
12,Premier League,Newcastle United vs West Ham United,25/11/2024,Newcastle United,West Ham United,0,2,2025
13,Premier League,Brighton & Hove Albion vs Southampton,29/11/2024,Brighton & Hove Albion,Southampton,1,1,2025
13,Premier League,Brentford vs Leicester City,30/11/2024,Brentford,Leicester City,4,1,2025
13,Premier League,Crystal Palace vs Newcastle United,30/11/2024,Crystal Palace,Newcastle United,1,1,2025
13,Premier League,Nottingham Forest vs Ipswich Town,30/11/2024,Nottingham Forest,Ipswich Town,1,0,2025
13,Premier League,Wolverhampton Wanderers vs AFC Bournemouth,30/11/2024,Wolverhampton Wanderers,AFC Bournemouth,2,4,2025
13,Premier League,West Ham United vs Arsenal,30/11/2024,West Ham United,Arsenal,2,5,2025
13,Premier League,Chelsea vs Aston Villa,01/12/2024,Chelsea,Aston Villa,3,0,2025
13,Premier League,Manchester United vs Everton,01/12/2024,Manchester United,Everton,4,0,2025
13,Premier League,Tottenham Hotspur vs Fulham,01/12/2024,Tottenham Hotspur,Fulham,1,1,2025
13,Premier League,Liverpool vs Manchester City,01/12/2024,Liverpool,Manchester City,2,0,2025
14,Premier League,Ipswich Town vs Crystal Palace,03/12/2024,Ipswich Town,Crystal Palace,0,1,2025
14,Premier League,Leicester City vs West Ham United,03/12/2024,Leicester City,West Ham United,3,1,2025
14,Premier League,Everton vs Wolverhampton Wanderers,04/12/2024,Everton,Wolverhampton Wanderers,4,0,2025
14,Premier League,Manchester City vs Nottingham Forest,04/12/2024,Manchester City,Nottingham Forest,3,0,2025
14,Premier League,Newcastle United vs Liverpool,04/12/2024,Newcastle United,Liverpool,3,3,2025
14,Premier League,Southampton vs Chelsea,04/12/2024,Southampton,Chelsea,1,5,2025
14,Premier League,Arsenal vs Manchester United,04/12/2024,Arsenal,Manchester United,2,0,2025
14,Premier League,Aston Villa vs Brentford,04/12/2024,Aston Villa,Brentford,3,1,2025
14,Premier League,Fulham vs Brighton & Hove Albion,05/12/2024,Fulham,Brighton & Hove Albion,3,1,2025
14,Premier League,AFC Bournemouth vs Tottenham Hotspur,05/12/2024,AFC Bournemouth,Tottenham Hotspur,1,0,2025
15,Premier League,Aston Villa vs Southampton,07/12/2024,Aston Villa,Southampton,1,0,2025
15,Premier League,Brentford vs Newcastle United,07/12/2024,Brentford,Newcastle United,4,2,2025
15,Premier League,Crystal Palace vs Manchester City,07/12/2024,Crystal Palace,Manchester City,2,2,2025
15,Premier League,Manchester United vs Nottingham Forest,07/12/2024,Manchester United,Nottingham Forest,2,3,2025
15,Premier League,Fulham vs Arsenal,08/12/2024,Fulham,Arsenal,1,1,2025
15,Premier League,Ipswich Town vs AFC Bournemouth,08/12/2024,Ipswich Town,AFC Bournemouth,1,2,2025
15,Premier League,Leicester City vs Brighton & Hove Albion,08/12/2024,Leicester City,Brighton & Hove Albion,2,2,2025
15,Premier League,Tottenham Hotspur vs Chelsea,08/12/2024,Tottenham Hotspur,Chelsea,3,4,2025
15,Premier League,West Ham United vs Wolverhampton Wanderers,09/12/2024,West Ham United,Wolverhampton Wanderers,2,1,2025
15,Premier League,Arsenal vs Everton,14/12/2024,Arsenal,Everton,0,0,2025
16,Premier League,Liverpool vs Fulham,14/12/2024,Liverpool,Fulham,2,2,2025
16,Premier League,Newcastle United vs Leicester City,14/12/2024,Newcastle United,Leicester City,4,0,2025
16,Premier League,Wolverhampton Wanderers vs Ipswich Town,14/12/2024,Wolverhampton Wanderers,Ipswich Town,1,2,2025
16,Premier League,Nottingham Forest vs Aston Villa,14/12/2024,Nottingham Forest,Aston Villa,2,1,2025
16,Premier League,Brighton & Hove Albion vs Crystal Palace,15/12/2024,Brighton & Hove Albion,Crystal Palace,1,3,2025
16,Premier League,Manchester City vs Manchester United,15/12/2024,Manchester City,Manchester United,1,2,2025
16,Premier League,Chelsea vs Brentford,15/12/2024,Chelsea,Brentford,2,1,2025
16,Premier League,Southampton vs Tottenham Hotspur,15/12/2024,Southampton,Tottenham Hotspur,0,5,2025
16,Premier League,AFC Bournemouth vs West Ham United,16/12/2024,AFC Bournemouth,West Ham United,1,1,2025
16,Premier League,Aston Villa vs Manchester City,21/12/2024,Aston Villa,Manchester City,2,1,2025
17,Premier League,Brentford vs Nottingham Forest,21/12/2024,Brentford,Nottingham Forest,0,2,2025
17,Premier League,Ipswich Town vs Newcastle United,21/12/2024,Ipswich Town,Newcastle United,0,4,2025
17,Premier League,West Ham United vs Brighton & Hove Albion,21/12/2024,West Ham United,Brighton & Hove Albion,1,1,2025
17,Premier League,Crystal Palace vs Arsenal,21/12/2024,Crystal Palace,Arsenal,1,5,2025
17,Premier League,Everton vs Chelsea,22/12/2024,Everton,Chelsea,0,0,2025
17,Premier League,Fulham vs Southampton,22/12/2024,Fulham,Southampton,0,0,2025
17,Premier League,Leicester City vs Wolverhampton Wanderers,22/12/2024,Leicester City,Wolverhampton Wanderers,0,3,2025
17,Premier League,Manchester United vs AFC Bournemouth,22/12/2024,Manchester United,AFC Bournemouth,0,3,2025
17,Premier League,Tottenham Hotspur vs Liverpool,22/12/2024,Tottenham Hotspur,Liverpool,3,6,2025
17,Premier League,Manchester City vs Everton,26/12/2024,Manchester City,Everton,1,1,2025
18,Premier League,AFC Bournemouth vs Crystal Palace,26/12/2024,AFC Bournemouth,Crystal Palace,0,0,2025
18,Premier League,Chelsea vs Fulham,26/12/2024,Chelsea,Fulham,1,2,2025
18,Premier League,Newcastle United vs Aston Villa,26/12/2024,Newcastle United,Aston Villa,3,0,2025
18,Premier League,Nottingham Forest vs Tottenham Hotspur,26/12/2024,Nottingham Forest,Tottenham Hotspur,1,0,2025
18,Premier League,Southampton vs West Ham United,26/12/2024,Southampton,West Ham United,0,1,2025
18,Premier League,Wolverhampton Wanderers vs Manchester United,26/12/2024,Wolverhampton Wanderers,Manchester United,2,0,2025
18,Premier League,Liverpool vs Leicester City,26/12/2024,Liverpool,Leicester City,3,1,2025
18,Premier League,Brighton & Hove Albion vs Brentford,27/12/2024,Brighton & Hove Albion,Brentford,0,0,2025
18,Premier League,Arsenal vs Ipswich Town,27/12/2024,Arsenal,Ipswich Town,1,0,2025
18,Premier League,Leicester City vs Manchester City,29/12/2024,Leicester City,Manchester City,0,2,2025
19,Premier League,Crystal Palace vs Southampton,29/12/2024,Crystal Palace,Southampton,2,1,2025
19,Premier League,Everton vs Nottingham Forest,29/12/2024,Everton,Nottingham Forest,0,2,2025
19,Premier League,Fulham vs AFC Bournemouth,29/12/2024,Fulham,AFC Bournemouth,2,2,2025
19,Premier League,Tottenham Hotspur vs Wolverhampton Wanderers,29/12/2024,Tottenham Hotspur,Wolverhampton Wanderers,2,2,2025
19,Premier League,West Ham United vs Liverpool,29/12/2024,West Ham United,Liverpool,0,5,2025
19,Premier League,Aston Villa vs Brighton & Hove Albion,30/12/2024,Aston Villa,Brighton & Hove Albion,2,2,2025
19,Premier League,Ipswich Town vs Chelsea,30/12/2024,Ipswich Town,Chelsea,2,0,2025
19,Premier League,Manchester United vs Newcastle United,30/12/2024,Manchester United,Newcastle United,0,2,2025
19,Premier League,Brentford vs Arsenal,01/01/2025,Brentford,Arsenal,1,3,2025
19,Premier League,Tottenham Hotspur vs Newcastle United,04/01/2025,Tottenham Hotspur,Newcastle United,1,2,2025
20,Premier League,Aston Villa vs Leicester City,04/01/2025,Aston Villa,Leicester City,2,1,2025
20,Premier League,AFC Bournemouth vs Everton,04/01/2025,AFC Bournemouth,Everton,1,0,2025
20,Premier League,Crystal Palace vs Chelsea,04/01/2025,Crystal Palace,Chelsea,1,1,2025
20,Premier League,Manchester City vs West Ham United,04/01/2025,Manchester City,West Ham United,4,1,2025
20,Premier League,Southampton vs Brentford,04/01/2025,Southampton,Brentford,0,5,2025
20,Premier League,Brighton & Hove Albion vs Arsenal,04/01/2025,Brighton & Hove Albion,Arsenal,1,1,2025
20,Premier League,Fulham vs Ipswich Town,05/01/2025,Fulham,Ipswich Town,2,2,2025
20,Premier League,Liverpool vs Manchester United,05/01/2025,Liverpool,Manchester United,2,2,2025
20,Premier League,Wolverhampton Wanderers vs Nottingham Forest,06/01/2025,Wolverhampton Wanderers,Nottingham Forest,0,3,2025
20,Premier League,Brentford vs Manchester City,14/01/2025,Brentford,Manchester City,2,2,2025
21,Premier League,Chelsea vs AFC Bournemouth,14/01/2025,Chelsea,AFC Bournemouth,2,2,2025
21,Premier League,West Ham United vs Fulham,14/01/2025,West Ham United,Fulham,3,2,2025
21,Premier League,Nottingham Forest vs Liverpool,14/01/2025,Nottingham Forest,Liverpool,1,1,2025
21,Premier League,Everton vs Aston Villa,15/01/2025,Everton,Aston Villa,0,1,2025
21,Premier League,Leicester City vs Crystal Palace,15/01/2025,Leicester City,Crystal Palace,0,2,2025
21,Premier League,Newcastle United vs Wolverhampton Wanderers,15/01/2025,Newcastle United,Wolverhampton Wanderers,3,0,2025
21,Premier League,Arsenal vs Tottenham Hotspur,15/01/2025,Arsenal,Tottenham Hotspur,2,1,2025
21,Premier League,Ipswich Town vs Brighton & Hove Albion,16/01/2025,Ipswich Town,Brighton & Hove Albion,0,2,2025
21,Premier League,Manchester United vs Southampton,16/01/2025,Manchester United,Southampton,3,1,2025
21,Premier League,Newcastle United vs AFC Bournemouth,18/01/2025,Newcastle United,AFC Bournemouth,1,4,2025
22,Premier League,Brentford vs Liverpool,18/01/2025,Brentford,Liverpool,0,2,2025
22,Premier League,Leicester City vs Fulham,18/01/2025,Leicester City,Fulham,0,2,2025
22,Premier League,West Ham United vs Crystal Palace,18/01/2025,West Ham United,Crystal Palace,0,2,2025
22,Premier League,Arsenal vs Aston Villa,18/01/2025,Arsenal,Aston Villa,2,2,2025
22,Premier League,Everton vs Tottenham Hotspur,19/01/2025,Everton,Tottenham Hotspur,3,2,2025
22,Premier League,Manchester United vs Brighton & Hove Albion,19/01/2025,Manchester United,Brighton & Hove Albion,1,3,2025
22,Premier League,Nottingham Forest vs Southampton,19/01/2025,Nottingham Forest,Southampton,3,2,2025
22,Premier League,Ipswich Town vs Manchester City,19/01/2025,Ipswich Town,Manchester City,0,6,2025
22,Premier League,Chelsea vs Wolverhampton Wanderers,20/01/2025,Chelsea,Wolverhampton Wanderers,3,1,2025
22,Premier League,AFC Bournemouth vs Nottingham Forest,25/01/2025,AFC Bournemouth,Nottingham Forest,5,0,2025
23,Premier League,Brighton & Hove Albion vs Everton,25/01/2025,Brighton & Hove Albion,Everton,0,1,2025
23,Premier League,Liverpool vs Ipswich Town,25/01/2025,Liverpool,Ipswich Town,4,1,2025
23,Premier League,Southampton vs Newcastle United,25/01/2025,Southampton,Newcastle United,1,3,2025
23,Premier League,Wolverhampton Wanderers vs Arsenal,25/01/2025,Wolverhampton Wanderers,Arsenal,0,1,2025
23,Premier League,Manchester City vs Chelsea,25/01/2025,Manchester City,Chelsea,3,1,2025
23,Premier League,Crystal Palace vs Brentford,26/01/2025,Crystal Palace,Brentford,1,2,2025
23,Premier League,Tottenham Hotspur vs Leicester City,26/01/2025,Tottenham Hotspur,Leicester City,1,2,2025
23,Premier League,Aston Villa vs West Ham United,26/01/2025,Aston Villa,West Ham United,1,1,2025
23,Premier League,Fulham vs Manchester United,26/01/2025,Fulham,Manchester United,0,1,2025
23,Premier League,Nottingham Forest vs Brighton & Hove Albion,01/02/2025,Nottingham Forest,Brighton & Hove Albion,7,0,2025
24,Premier League,AFC Bournemouth vs Liverpool,01/02/2025,AFC Bournemouth,Liverpool,0,2,2025
24,Premier League,Everton vs Leicester City,01/02/2025,Everton,Leicester City,4,0,2025
24,Premier League,Ipswich Town vs Southampton,01/02/2025,Ipswich Town,Southampton,1,2,2025
24,Premier League,Newcastle United vs Fulham,01/02/2025,Newcastle United,Fulham,1,2,2025
24,Premier League,Wolverhampton Wanderers vs Aston Villa,01/02/2025,Wolverhampton Wanderers,Aston Villa,2,0,2025
24,Premier League,Brentford vs Tottenham Hotspur,02/02/2025,Brentford,Tottenham Hotspur,0,2,2025
24,Premier League,Manchester United vs Crystal Palace,02/02/2025,Manchester United,Crystal Palace,0,2,2025
24,Premier League,Arsenal vs Manchester City,02/02/2025,Arsenal,Manchester City,5,1,2025
24,Premier League,Chelsea vs West Ham United,03/02/2025,Chelsea,West Ham United,2,1,2025
24,Premier League,Everton vs Liverpool,12/02/2025,Everton,Liverpool,2,2,2025
25,Premier League,Brighton & Hove Albion vs Chelsea,14/02/2025,Brighton & Hove Albion,Chelsea,3,0,2025
25,Premier League,Leicester City vs Arsenal,15/02/2025,Leicester City,Arsenal,0,2,2025
25,Premier League,Aston Villa vs Ipswich Town,15/02/2025,Aston Villa,Ipswich Town,1,1,2025
25,Premier League,Fulham vs Nottingham Forest,15/02/2025,Fulham,Nottingham Forest,2,1,2025
25,Premier League,Manchester City vs Newcastle United,15/02/2025,Manchester City,Newcastle United,4,0,2025
25,Premier League,Southampton vs AFC Bournemouth,15/02/2025,Southampton,AFC Bournemouth,1,3,2025
25,Premier League,West Ham United vs Brentford,15/02/2025,West Ham United,Brentford,0,1,2025
25,Premier League,Crystal Palace vs Everton,15/02/2025,Crystal Palace,Everton,1,2,2025
25,Premier League,Liverpool vs Wolverhampton Wanderers,16/02/2025,Liverpool,Wolverhampton Wanderers,2,1,2025
25,Premier League,Tottenham Hotspur vs Manchester United,16/02/2025,Tottenham Hotspur,Manchester United,1,0,2025
26,Premier League,Aston Villa vs Liverpool,19/02/2025,Aston Villa,Liverpool,2,2,2025
26,Premier League,Leicester City vs Brentford,21/02/2025,Leicester City,Brentford,0,4,2025
26,Premier League,Everton vs Manchester United,22/02/2025,Everton,Manchester United,2,2,2025
26,Premier League,Arsenal vs West Ham United,22/02/2025,Arsenal,West Ham United,0,1,2025
26,Premier League,AFC Bournemouth vs Wolverhampton Wanderers,22/02/2025,AFC Bournemouth,Wolverhampton Wanderers,0,1,2025
26,Premier League,Fulham vs Crystal Palace,22/02/2025,Fulham,Crystal Palace,0,2,2025
26,Premier League,Ipswich Town vs Tottenham Hotspur,22/02/2025,Ipswich Town,Tottenham Hotspur,1,4,2025
26,Premier League,Southampton vs Brighton & Hove Albion,22/02/2025,Southampton,Brighton & Hove Albion,0,4,2025
26,Premier League,Aston Villa vs Chelsea,22/02/2025,Aston Villa,Chelsea,2,1,2025
26,Premier League,Newcastle United vs Nottingham Forest,23/02/2025,Newcastle United,Nottingham Forest,4,3,2025
27,Premier League,Manchester City vs Liverpool,23/02/2025,Manchester City,Liverpool,0,2,2025
27,Premier League,Brighton & Hove Albion vs AFC Bournemouth,25/02/2025,Brighton & Hove Albion,AFC Bournemouth,2,1,2025
27,Premier League,Crystal Palace vs Aston Villa,25/02/2025,Crystal Palace,Aston Villa,4,1,2025
27,Premier League,Wolverhampton Wanderers vs Fulham,25/02/2025,Wolverhampton Wanderers,Fulham,1,2,2025
27,Premier League,Chelsea vs Southampton,25/02/2025,Chelsea,Southampton,4,0,2025
27,Premier League,Brentford vs Everton,26/02/2025,Brentford,Everton,1,1,2025
27,Premier League,Manchester United vs Ipswich Town,26/02/2025,Manchester United,Ipswich Town,3,2,2025
27,Premier League,Nottingham Forest vs Arsenal,26/02/2025,Nottingham Forest,Arsenal,0,0,2025
27,Premier League,Tottenham Hotspur vs Manchester City,26/02/2025,Tottenham Hotspur,Manchester City,0,1,2025
27,Premier League,Liverpool vs Newcastle United,26/02/2025,Liverpool,Newcastle United,2,0,2025
28,Premier League,West Ham United vs Leicester City,27/02/2025,West Ham United,Leicester City,2,0,2025
28,Premier League,Nottingham Forest vs Manchester City,08/03/2025,Nottingham Forest,Manchester City,1,0,2025
28,Premier League,Brighton & Hove Albion vs Fulham,08/03/2025,Brighton & Hove Albion,Fulham,2,1,2025
28,Premier League,Crystal Palace vs Ipswich Town,08/03/2025,Crystal Palace,Ipswich Town,1,0,2025
28,Premier League,Liverpool vs Southampton,08/03/2025,Liverpool,Southampton,3,1,2025
28,Premier League,Brentford vs Aston Villa,08/03/2025,Brentford,Aston Villa,0,1,2025
28,Premier League,Wolverhampton Wanderers vs Everton,08/03/2025,Wolverhampton Wanderers,Everton,1,1,2025
28,Premier League,Chelsea vs Leicester City,09/03/2025,Chelsea,Leicester City,1,0,2025
28,Premier League,Tottenham Hotspur vs AFC Bournemouth,09/03/2025,Tottenham Hotspur,AFC Bournemouth,2,2,2025
28,Premier League,Manchester United vs Arsenal,09/03/2025,Manchester United,Arsenal,1,1,2025
29,Premier League,West Ham United vs Newcastle United,10/03/2025,West Ham United,Newcastle United,0,1,2025
29,Premier League,Everton vs West Ham United,15/03/2025,Everton,West Ham United,1,1,2025
29,Premier League,Ipswich Town vs Nottingham Forest,15/03/2025,Ipswich Town,Nottingham Forest,2,4,2025
29,Premier League,Manchester City vs Brighton & Hove Albion,15/03/2025,Manchester City,Brighton & Hove Albion,2,2,2025
29,Premier League,Southampton vs Wolverhampton Wanderers,15/03/2025,Southampton,Wolverhampton Wanderers,1,2,2025
29,Premier League,AFC Bournemouth vs Brentford,15/03/2025,AFC Bournemouth,Brentford,1,2,2025
29,Premier League,Arsenal vs Chelsea,16/03/2025,Arsenal,Chelsea,1,0,2025
29,Premier League,Fulham vs Tottenham Hotspur,16/03/2025,Fulham,Tottenham Hotspur,2,0,2025
29,Premier League,Leicester City vs Manchester United,16/03/2025,Leicester City,Manchester United,0,3,2025
29,Premier League,Arsenal vs Fulham,01/04/2025,Arsenal,Fulham,2,1,2025
30,Premier League,Wolverhampton Wanderers vs West Ham United,01/04/2025,Wolverhampton Wanderers,West Ham United,1,0,2025
30,Premier League,Nottingham Forest vs Manchester United,01/04/2025,Nottingham Forest,Manchester United,1,0,2025
30,Premier League,AFC Bournemouth vs Ipswich Town,02/04/2025,AFC Bournemouth,Ipswich Town,1,2,2025
30,Premier League,Brighton & Hove Albion vs Aston Villa,02/04/2025,Brighton & Hove Albion,Aston Villa,0,3,2025
30,Premier League,Manchester City vs Leicester City,02/04/2025,Manchester City,Leicester City,2,0,2025
30,Premier League,Newcastle United vs Brentford,02/04/2025,Newcastle United,Brentford,2,1,2025
30,Premier League,Southampton vs Crystal Palace,02/04/2025,Southampton,Crystal Palace,1,1,2025
30,Premier League,Liverpool vs Everton,02/04/2025,Liverpool,Everton,1,0,2025
30,Premier League,Chelsea vs Tottenham Hotspur,03/04/2025,Chelsea,Tottenham Hotspur,1,0,2025
30,Premier League,Everton vs Arsenal,05/04/2025,Everton,Arsenal,1,1,2025
31,Premier League,Crystal Palace vs Brighton & Hove Albion,05/04/2025,Crystal Palace,Brighton & Hove Albion,2,1,2025
31,Premier League,Ipswich Town vs Wolverhampton Wanderers,05/04/2025,Ipswich Town,Wolverhampton Wanderers,1,2,2025
31,Premier League,West Ham United vs AFC Bournemouth,05/04/2025,West Ham United,AFC Bournemouth,2,2,2025
31,Premier League,Aston Villa vs Nottingham Forest,05/04/2025,Aston Villa,Nottingham Forest,2,1,2025
31,Premier League,Brentford vs Chelsea,06/04/2025,Brentford,Chelsea,0,0,2025
31,Premier League,Fulham vs Liverpool,06/04/2025,Fulham,Liverpool,3,2,2025
31,Premier League,Tottenham Hotspur vs Southampton,06/04/2025,Tottenham Hotspur,Southampton,3,1,2025
31,Premier League,Manchester United vs Manchester City,06/04/2025,Manchester United,Manchester City,0,0,2025
31,Premier League,Leicester City vs Newcastle United,07/04/2025,Leicester City,Newcastle United,0,3,2025
31,Premier League,Manchester City vs Crystal Palace,12/04/2025,Manchester City,Crystal Palace,5,2,2025
32,Premier League,Brighton & Hove Albion vs Leicester City,12/04/2025,Brighton & Hove Albion,Leicester City,2,2,2025
32,Premier League,Nottingham Forest vs Everton,12/04/2025,Nottingham Forest,Everton,0,1,2025
32,Premier League,Southampton vs Aston Villa,12/04/2025,Southampton,Aston Villa,0,3,2025
32,Premier League,Arsenal vs Brentford,12/04/2025,Arsenal,Brentford,1,1,2025
32,Premier League,Chelsea vs Ipswich Town,13/04/2025,Chelsea,Ipswich Town,2,2,2025
32,Premier League,Liverpool vs West Ham United,13/04/2025,Liverpool,West Ham United,2,1,2025
32,Premier League,Wolverhampton Wanderers vs Tottenham Hotspur,13/04/2025,Wolverhampton Wanderers,Tottenham Hotspur,4,2,2025
32,Premier League,Newcastle United vs Manchester United,13/04/2025,Newcastle United,Manchester United,4,1,2025
32,Premier League,AFC Bournemouth vs Fulham,14/04/2025,AFC Bournemouth,Fulham,1,0,2025
32,Premier League,Newcastle United vs Crystal Palace,16/04/2025,Newcastle United,Crystal Palace,5,0,2025
33,Premier League,Brentford vs Brighton & Hove Albion,19/04/2025,Brentford,Brighton & Hove Albion,4,2,2025
33,Premier League,Crystal Palace vs AFC Bournemouth,19/04/2025,Crystal Palace,AFC Bournemouth,0,0,2025
33,Premier League,Everton vs Manchester City,19/04/2025,Everton,Manchester City,0,2,2025
33,Premier League,West Ham United vs Southampton,19/04/2025,West Ham United,Southampton,1,1,2025
33,Premier League,Aston Villa vs Newcastle United,19/04/2025,Aston Villa,Newcastle United,4,1,2025
33,Premier League,Fulham vs Chelsea,20/04/2025,Fulham,Chelsea,1,2,2025
33,Premier League,Ipswich Town vs Arsenal,20/04/2025,Ipswich Town,Arsenal,0,4,2025
33,Premier League,Manchester United vs Wolverhampton Wanderers,20/04/2025,Manchester United,Wolverhampton Wanderers,0,1,2025
33,Premier League,Leicester City vs Liverpool,20/04/2025,Leicester City,Liverpool,0,1,2025
33,Premier League,Tottenham Hotspur vs Nottingham Forest,21/04/2025,Tottenham Hotspur,Nottingham Forest,1,2,2025
34,Premier League,Manchester City vs Aston Villa,22/04/2025,Manchester City,Aston Villa,2,1,2025
34,Premier League,Arsenal vs Crystal Palace,23/04/2025,Arsenal,Crystal Palace,2,2,2025
34,Premier League,Chelsea vs Everton,26/04/2025,Chelsea,Everton,1,0,2025
34,Premier League,Brighton & Hove Albion vs West Ham United,26/04/2025,Brighton & Hove Albion,West Ham United,3,2,2025
34,Premier League,Newcastle United vs Ipswich Town,26/04/2025,Newcastle United,Ipswich Town,3,0,2025
34,Premier League,Southampton vs Fulham,26/04/2025,Southampton,Fulham,1,2,2025
34,Premier League,Wolverhampton Wanderers vs Leicester City,26/04/2025,Wolverhampton Wanderers,Leicester City,3,0,2025
34,Premier League,AFC Bournemouth vs Manchester United,27/04/2025,AFC Bournemouth,Manchester United,1,1,2025
34,Premier League,Liverpool vs Tottenham Hotspur,27/04/2025,Liverpool,Tottenham Hotspur,5,1,2025
34,Premier League,Nottingham Forest vs Brentford,01/05/2025,Nottingham Forest,Brentford,0,2,2025
35,Premier League,Manchester City vs Wolverhampton Wanderers,02/05/2025,Manchester City,Wolverhampton Wanderers,1,0,2025
35,Premier League,Aston Villa vs Fulham,03/05/2025,Aston Villa,Fulham,1,0,2025
35,Premier League,Everton vs Ipswich Town,03/05/2025,Everton,Ipswich Town,2,2,2025
35,Premier League,Leicester City vs Southampton,03/05/2025,Leicester City,Southampton,2,0,2025
35,Premier League,Arsenal vs AFC Bournemouth,03/05/2025,Arsenal,AFC Bournemouth,1,2,2025
35,Premier League,Brentford vs Manchester United,04/05/2025,Brentford,Manchester United,4,3,2025
35,Premier League,Brighton & Hove Albion vs Newcastle United,04/05/2025,Brighton & Hove Albion,Newcastle United,1,1,2025
35,Premier League,West Ham United vs Tottenham Hotspur,04/05/2025,West Ham United,Tottenham Hotspur,1,1,2025
35,Premier League,Chelsea vs Liverpool,04/05/2025,Chelsea,Liverpool,3,1,2025
35,Premier League,Crystal Palace vs Nottingham Forest,05/05/2025,Crystal Palace,Nottingham Forest,1,1,2025
36,Premier League,Fulham vs Everton,10/05/2025,Fulham,Everton,1,3,2025
36,Premier League,Ipswich Town vs Brentford,10/05/2025,Ipswich Town,Brentford,0,1,2025
36,Premier League,Southampton vs Manchester City,10/05/2025,Southampton,Manchester City,0,0,2025
36,Premier League,Wolverhampton Wanderers vs Brighton & Hove Albion,10/05/2025,Wolverhampton Wanderers,Brighton & Hove Albion,0,2,2025
36,Premier League,AFC Bournemouth vs Aston Villa,10/05/2025,AFC Bournemouth,Aston Villa,0,1,2025
36,Premier League,Newcastle United vs Chelsea,11/05/2025,Newcastle United,Chelsea,2,0,2025
36,Premier League,Manchester United vs West Ham United,11/05/2025,Manchester United,West Ham United,0,2,2025
36,Premier League,Nottingham Forest vs Leicester City,11/05/2025,Nottingham Forest,Leicester City,2,2,2025
36,Premier League,Tottenham Hotspur vs Crystal Palace,11/05/2025,Tottenham Hotspur,Crystal Palace,0,2,2025
36,Premier League,Liverpool vs Arsenal,11/05/2025,Liverpool,Arsenal,2,2,2025
37,Premier League,Aston Villa vs Tottenham Hotspur,16/05/2025,Aston Villa,Tottenham Hotspur,2,0,2025
37,Premier League,Chelsea vs Manchester United,16/05/2025,Chelsea,Manchester United,1,0,2025
37,Premier League,Everton vs Southampton,18/05/2025,Everton,Southampton,2,0,2025
37,Premier League,West Ham United vs Nottingham Forest,18/05/2025,West Ham United,Nottingham Forest,1,2,2025
37,Premier League,Brentford vs Fulham,18/05/2025,Brentford,Fulham,2,3,2025
37,Premier League,Leicester City vs Ipswich Town,18/05/2025,Leicester City,Ipswich Town,2,0,2025
37,Premier League,Arsenal vs Newcastle United,18/05/2025,Arsenal,Newcastle United,1,0,2025
37,Premier League,Brighton & Hove Albion vs Liverpool,19/05/2025,Brighton & Hove Albion,Liverpool,3,2,2025
37,Premier League,Crystal Palace vs Wolverhampton Wanderers,20/05/2025,Crystal Palace,Wolverhampton Wanderers,4,2,2025
37,Premier League,Manchester City vs AFC Bournemouth,20/05/2025,Manchester City,AFC Bournemouth,3,1,2025
38,Premier League,AFC Bournemouth vs Leicester City,25/05/2025,AFC Bournemouth,Leicester City,2,0,2025
38,Premier League,Fulham vs Manchester City,25/05/2025,Fulham,Manchester City,0,2,2025
38,Premier League,Ipswich Town vs West Ham United,25/05/2025,Ipswich Town,West Ham United,1,3,2025
38,Premier League,Liverpool vs Crystal Palace,25/05/2025,Liverpool,Crystal Palace,1,1,2025
38,Premier League,Manchester United vs Aston Villa,25/05/2025,Manchester United,Aston Villa,2,0,2025
38,Premier League,Newcastle United vs Everton,25/05/2025,Newcastle United,Everton,0,1,2025
38,Premier League,Nottingham Forest vs Chelsea,25/05/2025,Nottingham Forest,Chelsea,0,1,2025
38,Premier League,Southampton vs Arsenal,25/05/2025,Southampton,Arsenal,1,2,2025
38,Premier League,Tottenham Hotspur vs Brighton & Hove Albion,25/05/2025,Tottenham Hotspur,Brighton & Hove Albion,1,4,2025
38,Premier League,Wolverhampton Wanderers vs Brentford,25/05/2025,Wolverhampton Wanderers,Brentford,1,1,2025
